-- --------------------------------------------------------
-- Хост:                         127.0.0.1
-- Версия сервера:               5.5.25 - MySQL Community Server (GPL)
-- ОС Сервера:                   Win32
-- HeidiSQL Версия:              9.2.0.4947
-- --------------------------------------------------------

/*!40101 SET @OLD_CHARACTER_SET_CLIENT=@@CHARACTER_SET_CLIENT */;
/*!40101 SET NAMES utf8mb4 */;
/*!40014 SET @OLD_FOREIGN_KEY_CHECKS=@@FOREIGN_KEY_CHECKS, FOREIGN_KEY_CHECKS=0 */;
/*!40101 SET @OLD_SQL_MODE=@@SQL_MODE, SQL_MODE='NO_AUTO_VALUE_ON_ZERO' */;
-- Дамп данных таблицы grid.citys: 1 126 rows
/*!40000 ALTER TABLE `citys` DISABLE KEYS */;
INSERT IGNORE INTO `citys` (`id`, `city`, `region`, `county`) VALUES
	(1, 'Абаза', 'Хакасия', 'Сибирский\r'),
	(2, 'Абакан', 'Хакасия', 'Сибирский\r'),
	(3, 'Абдулино', 'Оренбургская область', 'Приволжский\r'),
	(4, 'Абинск', 'Краснодарский край', 'Южный\r'),
	(5, 'Агидель', 'Башкортостан', 'Приволжский\r'),
	(6, 'Агрыз', 'Татарстан', 'Приволжский\r'),
	(7, 'Адыгейск', 'Адыгея', 'Южный\r'),
	(8, 'Азнакаево', 'Татарстан', 'Приволжский\r'),
	(9, 'Азов', 'Ростовская область', 'Южный\r'),
	(10, 'Ак-Довурак', 'Тыва', 'Сибирский\r'),
	(11, 'Аксай', 'Ростовская область', 'Южный\r'),
	(12, 'Алагир', 'Северная Осетия - Алания', 'Северо-Кавказский\r'),
	(13, 'Алапаевск', 'Свердловская область', 'Уральский\r'),
	(14, 'Алатырь', 'Чувашия', 'Приволжский\r'),
	(15, 'Алдан', 'Якутия', 'Дальневосточный\r'),
	(16, 'Алейск', 'Алтайский край', 'Сибирский\r'),
	(17, 'Александров', 'Владимирская область', 'Центральный\r'),
	(18, 'Александровск', 'Пермский край', 'Приволжский\r'),
	(19, 'Александровск-Сахалинский', 'Сахалинская область', 'Дальневосточный\r'),
	(20, 'Алексеевка', 'Белгородская область', 'Центральный\r'),
	(21, 'Алексин', 'Тульская область', 'Центральный\r'),
	(22, 'Алзамай', 'Иркутская область', 'Сибирский\r'),
	(23, 'Алупка', 'Крым', 'Крымский\r'),
	(24, 'Алушта', 'Крым', 'Крымский\r'),
	(25, 'Альметьевск', 'Татарстан', 'Приволжский\r'),
	(26, 'Амурск', 'Хабаровский край', 'Дальневосточный\r'),
	(27, 'Анадырь', 'Чукотский авт. окр.', 'Дальневосточный\r'),
	(28, 'Анапа', 'Краснодарский край', 'Южный\r'),
	(29, 'Ангарск', 'Иркутская область', 'Сибирский\r'),
	(30, 'Андреаполь', 'Тверская область', 'Центральный\r'),
	(31, 'Анжеро-Судженск', 'Кемеровская область', 'Сибирский\r'),
	(32, 'Анива', 'Сахалинская область', 'Дальневосточный\r'),
	(33, 'Апатиты', 'Мурманская область', 'Северо-Западный\r'),
	(34, 'Апрелевка', 'Московская область', 'Центральный\r'),
	(35, 'Апшеронск', 'Краснодарский край', 'Южный\r'),
	(36, 'Арамиль', 'Свердловская область', 'Уральский\r'),
	(37, 'Аргун', 'Чечня', 'Северо-Кавказский\r'),
	(38, 'Ардатов', 'Мордовия', 'Приволжский\r'),
	(39, 'Ардон', 'Северная Осетия - Алания', 'Северо-Кавказский\r'),
	(40, 'Арзамас', 'Нижегородская область', 'Приволжский\r'),
	(41, 'Аркадак', 'Саратовская область', 'Приволжский\r'),
	(42, 'Армавир', 'Краснодарский край', 'Южный\r'),
	(43, 'Армянск', 'Крым', 'Крымский\r'),
	(44, 'Арсеньев', 'Приморский край', 'Дальневосточный\r'),
	(45, 'Арск', 'Татарстан', 'Приволжский\r'),
	(46, 'Артём', 'Приморский край', 'Дальневосточный\r'),
	(47, 'Артёмовск', 'Красноярский край', 'Сибирский\r'),
	(48, 'Артёмовский', 'Свердловская область', 'Уральский\r'),
	(49, 'Архангельск', 'Архангельская область', 'Северо-Западный\r'),
	(50, 'Асбест', 'Свердловская область', 'Уральский\r'),
	(51, 'Асино', 'Томская область', 'Сибирский\r'),
	(52, 'Астрахань', 'Астраханская область', 'Южный\r'),
	(53, 'Аткарск', 'Саратовская область', 'Приволжский\r'),
	(54, 'Ахтубинск', 'Астраханская область', 'Южный\r'),
	(55, 'Ачинск', 'Красноярский край', 'Сибирский\r'),
	(56, 'Аша', 'Челябинская область', 'Уральский\r'),
	(57, 'Бабаево', 'Вологодская область', 'Северо-Западный\r'),
	(58, 'Бабушкин', 'Бурятия', 'Сибирский\r'),
	(59, 'Бавлы', 'Татарстан', 'Приволжский\r'),
	(60, 'Багратионовск', 'Калининградская область', 'Северо-Западный\r'),
	(61, 'Байкальск', 'Иркутская область', 'Сибирский\r'),
	(62, 'Баймак', 'Башкортостан', 'Приволжский\r'),
	(63, 'Бакал', 'Челябинская область', 'Уральский\r'),
	(64, 'Баксан', 'Кабардино-Балкария', 'Северо-Кавказский\r'),
	(65, 'Балабаново', 'Калужская область', 'Центральный\r'),
	(66, 'Балаково', 'Саратовская область', 'Приволжский\r'),
	(67, 'Балахна', 'Нижегородская область', 'Приволжский\r'),
	(68, 'Балашиха', 'Московская область', 'Центральный\r'),
	(69, 'Балашов', 'Саратовская область', 'Приволжский\r'),
	(70, 'Балей', 'Забайкальский край', 'Сибирский\r'),
	(71, 'Балтийск', 'Калининградская область', 'Северо-Западный\r'),
	(72, 'Барабинск', 'Новосибирская область', 'Сибирский\r'),
	(73, 'Барнаул', 'Алтайский край', 'Сибирский\r'),
	(74, 'Барыш', 'Ульяновская область', 'Приволжский\r'),
	(75, 'Батайск', 'Ростовская область', 'Южный\r'),
	(76, 'Бахчисарай', 'Крым', 'Крымский\r'),
	(77, 'Бежецк', 'Тверская область', 'Центральный\r'),
	(78, 'Белая Калитва', 'Ростовская область', 'Южный\r'),
	(79, 'Белая Холуница', 'Кировская область', 'Приволжский\r'),
	(80, 'Белгород', 'Белгородская область', 'Центральный\r'),
	(81, 'Белебей', 'Башкортостан', 'Приволжский\r'),
	(82, 'Белёв', 'Тульская область', 'Центральный\r'),
	(83, 'Белинский', 'Пензенская область', 'Приволжский\r'),
	(84, 'Белово', 'Кемеровская область', 'Сибирский\r'),
	(85, 'Белогорск', 'Амурская область', 'Дальневосточный\r'),
	(86, 'Белогорск', 'Крым', 'Крымский\r'),
	(87, 'Белозерск', 'Вологодская область', 'Северо-Западный\r'),
	(88, 'Белокуриха', 'Алтайский край', 'Сибирский\r'),
	(89, 'Беломорск', 'Карелия', 'Северо-Западный\r'),
	(90, 'Белорецк', 'Башкортостан', 'Приволжский\r'),
	(91, 'Белореченск', 'Краснодарский край', 'Южный\r'),
	(92, 'Белоусово', 'Калужская область', 'Центральный\r'),
	(93, 'Белоярский', 'Ханты-Мансийский авт. окр.', 'Уральский\r'),
	(94, 'Белый', 'Тверская область', 'Центральный\r'),
	(95, 'Бердск', 'Новосибирская область', 'Сибирский\r'),
	(96, 'Березники', 'Пермский край', 'Приволжский\r'),
	(97, 'Берёзовский', 'Кемеровская область', 'Сибирский\r'),
	(98, 'Берёзовский', 'Свердловская область', 'Уральский\r'),
	(99, 'Беслан', 'Северная Осетия - Алания', 'Северо-Кавказский\r'),
	(100, 'Бийск', 'Алтайский край', 'Сибирский\r'),
	(101, 'Бикин', 'Хабаровский край', 'Дальневосточный\r'),
	(102, 'Билибино', 'Чукотский авт. окр.', 'Дальневосточный\r'),
	(103, 'Биробиджан', 'Еврейская АО', 'Дальневосточный\r'),
	(104, 'Бирск', 'Башкортостан', 'Приволжский\r'),
	(105, 'Бирюсинск', 'Иркутская область', 'Сибирский\r'),
	(106, 'Бирюч', 'Белгородская область', 'Центральный\r'),
	(107, 'Благовещенск', 'Амурская область', 'Дальневосточный\r'),
	(108, 'Благовещенск', 'Башкортостан', 'Приволжский\r'),
	(109, 'Благодарный', 'Ставропольский край', 'Северо-Кавказский\r'),
	(110, 'Бобров', 'Воронежская область', 'Центральный\r'),
	(111, 'Богданович', 'Свердловская область', 'Уральский\r'),
	(112, 'Богородицк', 'Тульская область', 'Центральный\r'),
	(113, 'Богородск', 'Нижегородская область', 'Приволжский\r'),
	(114, 'Боготол', 'Красноярский край', 'Сибирский\r'),
	(115, 'Богучар', 'Воронежская область', 'Центральный\r'),
	(116, 'Бодайбо', 'Иркутская область', 'Сибирский\r'),
	(117, 'Бокситогорск', 'Ленинградская область', 'Северо-Западный\r'),
	(118, 'Болгар', 'Татарстан', 'Приволжский\r'),
	(119, 'Бологое', 'Тверская область', 'Центральный\r'),
	(120, 'Болотное', 'Новосибирская область', 'Сибирский\r'),
	(121, 'Болохово', 'Тульская область', 'Центральный\r'),
	(122, 'Болхов', 'Орловская область', 'Центральный\r'),
	(123, 'Большой Камень', 'Приморский край', 'Дальневосточный\r'),
	(124, 'Бор', 'Нижегородская область', 'Приволжский\r'),
	(125, 'Борзя', 'Забайкальский край', 'Сибирский\r'),
	(126, 'Борисоглебск', 'Воронежская область', 'Центральный\r'),
	(127, 'Боровичи', 'Новгородская область', 'Северо-Западный\r'),
	(128, 'Боровск', 'Калужская область', 'Центральный\r'),
	(129, 'Бородино', 'Красноярский край', 'Сибирский\r'),
	(130, 'Братск', 'Иркутская область', 'Сибирский\r'),
	(131, 'Бронницы', 'Московская область', 'Центральный\r'),
	(132, 'Брянск', 'Брянская область', 'Центральный\r'),
	(133, 'Бугульма', 'Татарстан', 'Приволжский\r'),
	(134, 'Бугуруслан', 'Оренбургская область', 'Приволжский\r'),
	(135, 'Будённовск', 'Ставропольский край', 'Северо-Кавказский\r'),
	(136, 'Бузулук', 'Оренбургская область', 'Приволжский\r'),
	(137, 'Буинск', 'Татарстан', 'Приволжский\r'),
	(138, 'Буй', 'Костромская область', 'Центральный\r'),
	(139, 'Буйнакск', 'Дагестан', 'Северо-Кавказский\r'),
	(140, 'Бутурлиновка', 'Воронежская область', 'Центральный\r'),
	(141, 'Валдай', 'Новгородская область', 'Северо-Западный\r'),
	(142, 'Валуйки', 'Белгородская область', 'Центральный\r'),
	(143, 'Велиж', 'Смоленская область', 'Центральный\r'),
	(144, 'Великие Луки', 'Псковская область', 'Северо-Западный\r'),
	(145, 'Великий Новгород', 'Новгородская область', 'Северо-Западный\r'),
	(146, 'Великий Устюг', 'Вологодская область', 'Северо-Западный\r'),
	(147, 'Вельск', 'Архангельская область', 'Северо-Западный\r'),
	(148, 'Венёв', 'Тульская область', 'Центральный\r'),
	(149, 'Верещагино', 'Пермский край', 'Приволжский\r'),
	(150, 'Верея', 'Московская область', 'Центральный\r'),
	(151, 'Верхнеуральск', 'Челябинская область', 'Уральский\r'),
	(152, 'Верхний Тагил', 'Свердловская область', 'Уральский\r'),
	(153, 'Верхний Уфалей', 'Челябинская область', 'Уральский\r'),
	(154, 'Верхняя Пышма', 'Свердловская область', 'Уральский\r'),
	(155, 'Верхняя Салда', 'Свердловская область', 'Уральский\r'),
	(156, 'Верхняя Тура', 'Свердловская область', 'Уральский\r'),
	(157, 'Верхотурье', 'Свердловская область', 'Уральский\r'),
	(158, 'Верхоянск', 'Якутия', 'Дальневосточный\r'),
	(159, 'Весьегонск', 'Тверская область', 'Центральный\r'),
	(160, 'Ветлуга', 'Нижегородская область', 'Приволжский\r'),
	(161, 'Видное', 'Московская область', 'Центральный\r'),
	(162, 'Вилюйск', 'Якутия', 'Дальневосточный\r'),
	(163, 'Вилючинск', 'Камчатский край', 'Дальневосточный\r'),
	(164, 'Вихоревка', 'Иркутская область', 'Сибирский\r'),
	(165, 'Вичуга', 'Ивановская область', 'Центральный\r'),
	(166, 'Владивосток', 'Приморский край', 'Дальневосточный\r'),
	(167, 'Владикавказ', 'Северная Осетия - Алания', 'Северо-Кавказский\r'),
	(168, 'Владимир', 'Владимирская область', 'Центральный\r'),
	(169, 'Волгоград', 'Волгоградская область', 'Южный\r'),
	(170, 'Волгодонск', 'Ростовская область', 'Южный\r'),
	(171, 'Волгореченск', 'Костромская область', 'Центральный\r'),
	(172, 'Волжск', 'Марий Эл', 'Приволжский\r'),
	(173, 'Волжский', 'Волгоградская область', 'Южный\r'),
	(174, 'Вологда', 'Вологодская область', 'Северо-Западный\r'),
	(175, 'Володарск', 'Нижегородская область', 'Приволжский\r'),
	(176, 'Волоколамск', 'Московская область', 'Центральный\r'),
	(177, 'Волосово', 'Ленинградская область', 'Северо-Западный\r'),
	(178, 'Волхов', 'Ленинградская область', 'Северо-Западный\r'),
	(179, 'Волчанск', 'Свердловская область', 'Уральский\r'),
	(180, 'Вольск', 'Саратовская область', 'Приволжский\r'),
	(181, 'Воркута', 'Коми', 'Северо-Западный\r'),
	(182, 'Воронеж', 'Воронежская область', 'Центральный\r'),
	(183, 'Ворсма', 'Нижегородская область', 'Приволжский\r'),
	(184, 'Воскресенск', 'Московская область', 'Центральный\r'),
	(185, 'Воткинск', 'Удмуртия', 'Приволжский\r'),
	(186, 'Всеволожск', 'Ленинградская область', 'Северо-Западный\r'),
	(187, 'Вуктыл', 'Коми', 'Северо-Западный\r'),
	(188, 'Выборг', 'Ленинградская область', 'Северо-Западный\r'),
	(189, 'Выкса', 'Нижегородская область', 'Приволжский\r'),
	(190, 'Высоковск', 'Московская область', 'Центральный\r'),
	(191, 'Высоцк', 'Ленинградская область', 'Северо-Западный\r'),
	(192, 'Вытегра', 'Вологодская область', 'Северо-Западный\r'),
	(193, 'Вышний Волочёк', 'Тверская область', 'Центральный\r'),
	(194, 'Вяземский', 'Хабаровский край', 'Дальневосточный\r'),
	(195, 'Вязники', 'Владимирская область', 'Центральный\r'),
	(196, 'Вязьма', 'Смоленская область', 'Центральный\r'),
	(197, 'Вятские Поляны', 'Кировская область', 'Приволжский\r'),
	(198, 'Гаврилов Посад', 'Ивановская область', 'Центральный\r'),
	(199, 'Гаврилов-Ям', 'Ярославская область', 'Центральный\r'),
	(200, 'Гагарин', 'Смоленская область', 'Центральный\r'),
	(201, 'Гаджиево', 'Мурманская область', 'Северо-Западный\r'),
	(202, 'Гай', 'Оренбургская область', 'Приволжский\r'),
	(203, 'Галич', 'Костромская область', 'Центральный\r'),
	(204, 'Гатчина', 'Ленинградская область', 'Северо-Западный\r'),
	(205, 'Гвардейск', 'Калининградская область', 'Северо-Западный\r'),
	(206, 'Гдов', 'Псковская область', 'Северо-Западный\r'),
	(207, 'Геленджик', 'Краснодарский край', 'Южный\r'),
	(208, 'Георгиевск', 'Ставропольский край', 'Северо-Кавказский\r'),
	(209, 'Глазов', 'Удмуртия', 'Приволжский\r'),
	(210, 'Голицыно', 'Московская область', 'Центральный\r'),
	(211, 'Горбатов', 'Нижегородская область', 'Приволжский\r'),
	(212, 'Горно-Алтайск', 'Алтай', 'Сибирский\r'),
	(213, 'Горнозаводск', 'Пермский край', 'Приволжский\r'),
	(214, 'Горняк', 'Алтайский край', 'Сибирский\r'),
	(215, 'Городец', 'Нижегородская область', 'Приволжский\r'),
	(216, 'Городище', 'Пензенская область', 'Приволжский\r'),
	(217, 'Городовиковск', 'Калмыкия', 'Южный\r'),
	(218, 'Гороховец', 'Владимирская область', 'Центральный\r'),
	(219, 'Горячий Ключ', 'Краснодарский край', 'Южный\r'),
	(220, 'Грайворон', 'Белгородская область', 'Центральный\r'),
	(221, 'Гремячинск', 'Пермский край', 'Приволжский\r'),
	(222, 'Грозный', 'Чечня', 'Северо-Кавказский\r'),
	(223, 'Грязи', 'Липецкая область', 'Центральный\r'),
	(224, 'Грязовец', 'Вологодская область', 'Северо-Западный\r'),
	(225, 'Губаха', 'Пермский край', 'Приволжский\r'),
	(226, 'Губкин', 'Белгородская область', 'Центральный\r'),
	(227, 'Губкинский', 'Ямало-Ненецкий авт. окр.', 'Уральский\r'),
	(228, 'Гудермес', 'Чечня', 'Северо-Кавказский\r'),
	(229, 'Гуково', 'Ростовская область', 'Южный\r'),
	(230, 'Гулькевичи', 'Краснодарский край', 'Южный\r'),
	(231, 'Гурьевск', 'Калининградская область', 'Северо-Западный\r'),
	(232, 'Гурьевск', 'Кемеровская область', 'Сибирский\r'),
	(233, 'Гусев', 'Калининградская область', 'Северо-Западный\r'),
	(234, 'Гусиноозёрск', 'Бурятия', 'Сибирский\r'),
	(235, 'Гусь-Хрустальный', 'Владимирская область', 'Центральный\r'),
	(236, 'Давлеканово', 'Башкортостан', 'Приволжский\r'),
	(237, 'Дагестанские Огни', 'Дагестан', 'Северо-Кавказский\r'),
	(238, 'Далматово', 'Курганская область', 'Уральский\r'),
	(239, 'Дальнегорск', 'Приморский край', 'Дальневосточный\r'),
	(240, 'Дальнереченск', 'Приморский край', 'Дальневосточный\r'),
	(241, 'Данилов', 'Ярославская область', 'Центральный\r'),
	(242, 'Данков', 'Липецкая область', 'Центральный\r'),
	(243, 'Дегтярск', 'Свердловская область', 'Уральский\r'),
	(244, 'Дедовск', 'Московская область', 'Центральный\r'),
	(245, 'Демидов', 'Смоленская область', 'Центральный\r'),
	(246, 'Дербент', 'Дагестан', 'Северо-Кавказский\r'),
	(247, 'Десногорск', 'Смоленская область', 'Центральный\r'),
	(248, 'Джанкой', 'Крым', 'Крымский\r'),
	(249, 'Дзержинск', 'Нижегородская область', 'Приволжский\r'),
	(250, 'Дзержинский', 'Московская область', 'Центральный\r'),
	(251, 'Дивногорск', 'Красноярский край', 'Сибирский\r'),
	(252, 'Дигора', 'Северная Осетия - Алания', 'Северо-Кавказский\r'),
	(253, 'Димитровград', 'Ульяновская область', 'Приволжский\r'),
	(254, 'Дмитриев', 'Курская область', 'Центральный\r'),
	(255, 'Дмитров', 'Московская область', 'Центральный\r'),
	(256, 'Дмитровск', 'Орловская область', 'Центральный\r'),
	(257, 'Дно', 'Псковская область', 'Северо-Западный\r'),
	(258, 'Добрянка', 'Пермский край', 'Приволжский\r'),
	(259, 'Долгопрудный', 'Московская область', 'Центральный\r'),
	(260, 'Долинск', 'Сахалинская область', 'Дальневосточный\r'),
	(261, 'Домодедово', 'Московская область', 'Центральный\r'),
	(262, 'Донецк', 'Ростовская область', 'Южный\r'),
	(263, 'Донской', 'Тульская область', 'Центральный\r'),
	(264, 'Дорогобуж', 'Смоленская область', 'Центральный\r'),
	(265, 'Дрезна', 'Московская область', 'Центральный\r'),
	(266, 'Дубна', 'Московская область', 'Центральный\r'),
	(267, 'Дубовка', 'Волгоградская область', 'Южный\r'),
	(268, 'Дудинка', 'Красноярский край', 'Сибирский\r'),
	(269, 'Духовщина', 'Смоленская область', 'Центральный\r'),
	(270, 'Дюртюли', 'Башкортостан', 'Приволжский\r'),
	(271, 'Дятьково', 'Брянская область', 'Центральный\r'),
	(272, 'Евпатория', 'Крым', 'Крымский\r'),
	(273, 'Егорьевск', 'Московская область', 'Центральный\r'),
	(274, 'Ейск', 'Краснодарский край', 'Южный\r'),
	(275, 'Екатеринбург', 'Свердловская область', 'Уральский\r'),
	(276, 'Елабуга', 'Татарстан', 'Приволжский\r'),
	(277, 'Елец', 'Липецкая область', 'Центральный\r'),
	(278, 'Елизово', 'Камчатский край', 'Дальневосточный\r'),
	(279, 'Ельня', 'Смоленская область', 'Центральный\r'),
	(280, 'Еманжелинск', 'Челябинская область', 'Уральский\r'),
	(281, 'Емва', 'Коми', 'Северо-Западный\r'),
	(282, 'Енисейск', 'Красноярский край', 'Сибирский\r'),
	(283, 'Ермолино', 'Калужская область', 'Центральный\r'),
	(284, 'Ершов', 'Саратовская область', 'Приволжский\r'),
	(285, 'Ессентуки', 'Ставропольский край', 'Северо-Кавказский\r'),
	(286, 'Ефремов', 'Тульская область', 'Центральный\r'),
	(287, 'Железноводск', 'Ставропольский край', 'Северо-Кавказский\r'),
	(288, 'Железногорск', 'Красноярский край', 'Сибирский\r'),
	(289, 'Железногорск', 'Курская область', 'Центральный\r'),
	(290, 'Железногорск-Илимский', 'Иркутская область', 'Сибирский\r'),
	(291, 'Жердевка', 'Тамбовская область', 'Центральный\r'),
	(292, 'Жигулёвск', 'Самарская область', 'Приволжский\r'),
	(293, 'Жиздра', 'Калужская область', 'Центральный\r'),
	(294, 'Жирновск', 'Волгоградская область', 'Южный\r'),
	(295, 'Жуков', 'Калужская область', 'Центральный\r'),
	(296, 'Жуковка', 'Брянская область', 'Центральный\r'),
	(297, 'Жуковский', 'Московская область', 'Центральный\r'),
	(298, 'Завитинск', 'Амурская область', 'Дальневосточный\r'),
	(299, 'Заводоуковск', 'Тюменская область', 'Уральский\r'),
	(300, 'Заволжск', 'Ивановская область', 'Центральный\r'),
	(301, 'Заволжье', 'Нижегородская область', 'Приволжский\r'),
	(302, 'Задонск', 'Липецкая область', 'Центральный\r'),
	(303, 'Заинск', 'Татарстан', 'Приволжский\r'),
	(304, 'Закаменск', 'Бурятия', 'Сибирский\r'),
	(305, 'Заозёрный', 'Красноярский край', 'Сибирский\r'),
	(306, 'Заозёрск', 'Мурманская область', 'Северо-Западный\r'),
	(307, 'Западная Двина', 'Тверская область', 'Центральный\r'),
	(308, 'Заполярный', 'Мурманская область', 'Северо-Западный\r'),
	(309, 'Зарайск', 'Московская область', 'Центральный\r'),
	(310, 'Заречный', 'Пензенская область', 'Приволжский\r'),
	(311, 'Заречный', 'Свердловская область', 'Уральский\r'),
	(312, 'Заринск', 'Алтайский край', 'Сибирский\r'),
	(313, 'Звенигово', 'Марий Эл', 'Приволжский\r'),
	(314, 'Звенигород', 'Московская область', 'Центральный\r'),
	(315, 'Зверево', 'Ростовская область', 'Южный\r'),
	(316, 'Зеленогорск', 'Красноярский край', 'Сибирский\r'),
	(317, 'Зеленогорск', 'Санкт-Петербург', 'Северо-Западный\r'),
	(318, 'Зеленоградск', 'Калининградская область', 'Северо-Западный\r'),
	(319, 'Зеленодольск', 'Татарстан', 'Приволжский\r'),
	(320, 'Зеленокумск', 'Ставропольский край', 'Северо-Кавказский\r'),
	(321, 'Зерноград', 'Ростовская область', 'Южный\r'),
	(322, 'Зея', 'Амурская область', 'Дальневосточный\r'),
	(323, 'Зима', 'Иркутская область', 'Сибирский\r'),
	(324, 'Златоуст', 'Челябинская область', 'Уральский\r'),
	(325, 'Злынка', 'Брянская область', 'Центральный\r'),
	(326, 'Змеиногорск', 'Алтайский край', 'Сибирский\r'),
	(327, 'Знаменск', 'Астраханская область', 'Южный\r'),
	(328, 'Зубцов', 'Тверская область', 'Центральный\r'),
	(329, 'Зуевка', 'Кировская область', 'Приволжский\r'),
	(330, 'Ивангород', 'Ленинградская область', 'Северо-Западный\r'),
	(331, 'Иваново', 'Ивановская область', 'Центральный\r'),
	(332, 'Ивантеевка', 'Московская область', 'Центральный\r'),
	(333, 'Ивдель', 'Свердловская область', 'Уральский\r'),
	(334, 'Игарка', 'Красноярский край', 'Сибирский\r'),
	(335, 'Ижевск', 'Удмуртия', 'Приволжский\r'),
	(336, 'Избербаш', 'Дагестан', 'Северо-Кавказский\r'),
	(337, 'Изобильный', 'Ставропольский край', 'Северо-Кавказский\r'),
	(338, 'Иланский', 'Красноярский край', 'Сибирский\r'),
	(339, 'Инза', 'Ульяновская область', 'Приволжский\r'),
	(340, 'Инкерман', 'Севастополь', 'Крымский\r'),
	(341, 'Иннополис', 'Татарстан', 'Приволжский\r'),
	(342, 'Инсар', 'Мордовия', 'Приволжский\r'),
	(343, 'Инта', 'Коми', 'Северо-Западный\r'),
	(344, 'Ипатово', 'Ставропольский край', 'Северо-Кавказский\r'),
	(345, 'Ирбит', 'Свердловская область', 'Уральский\r'),
	(346, 'Иркутск', 'Иркутская область', 'Сибирский\r'),
	(347, 'Исилькуль', 'Омская область', 'Сибирский\r'),
	(348, 'Искитим', 'Новосибирская область', 'Сибирский\r'),
	(349, 'Истра', 'Московская область', 'Центральный\r'),
	(350, 'Ишим', 'Тюменская область', 'Уральский\r'),
	(351, 'Ишимбай', 'Башкортостан', 'Приволжский\r'),
	(352, 'Йошкар-Ола', 'Марий Эл', 'Приволжский\r'),
	(353, 'Кадников', 'Вологодская область', 'Северо-Западный\r'),
	(354, 'Казань', 'Татарстан', 'Приволжский\r'),
	(355, 'Калач', 'Воронежская область', 'Центральный\r'),
	(356, 'Калач-на-Дону', 'Волгоградская область', 'Южный\r'),
	(357, 'Калачинск', 'Омская область', 'Сибирский\r'),
	(358, 'Калининград', 'Калининградская область', 'Северо-Западный\r'),
	(359, 'Калининск', 'Саратовская область', 'Приволжский\r'),
	(360, 'Калтан', 'Кемеровская область', 'Сибирский\r'),
	(361, 'Калуга', 'Калужская область', 'Центральный\r'),
	(362, 'Калязин', 'Тверская область', 'Центральный\r'),
	(363, 'Камбарка', 'Удмуртия', 'Приволжский\r'),
	(364, 'Каменка', 'Пензенская область', 'Приволжский\r'),
	(365, 'Каменногорск', 'Ленинградская область', 'Северо-Западный\r'),
	(366, 'Каменск-Уральский', 'Свердловская область', 'Уральский\r'),
	(367, 'Каменск-Шахтинский', 'Ростовская область', 'Южный\r'),
	(368, 'Камень-на-Оби', 'Алтайский край', 'Сибирский\r'),
	(369, 'Камешково', 'Владимирская область', 'Центральный\r'),
	(370, 'Камызяк', 'Астраханская область', 'Южный\r'),
	(371, 'Камышин', 'Волгоградская область', 'Южный\r'),
	(372, 'Камышлов', 'Свердловская область', 'Уральский\r'),
	(373, 'Канаш', 'Чувашия', 'Приволжский\r'),
	(374, 'Кандалакша', 'Мурманская область', 'Северо-Западный\r'),
	(375, 'Канск', 'Красноярский край', 'Сибирский\r'),
	(376, 'Карабаново', 'Владимирская область', 'Центральный\r'),
	(377, 'Карабаш', 'Челябинская область', 'Уральский\r'),
	(378, 'Карабулак', 'Ингушетия', 'Северо-Кавказский\r'),
	(379, 'Карасук', 'Новосибирская область', 'Сибирский\r'),
	(380, 'Карачаевск', 'Карачаево-Черкесия', 'Северо-Кавказский\r'),
	(381, 'Карачев', 'Брянская область', 'Центральный\r'),
	(382, 'Каргат', 'Новосибирская область', 'Сибирский\r'),
	(383, 'Каргополь', 'Архангельская область', 'Северо-Западный\r'),
	(384, 'Карпинск', 'Свердловская область', 'Уральский\r'),
	(385, 'Карталы', 'Челябинская область', 'Уральский\r'),
	(386, 'Касимов', 'Рязанская область', 'Центральный\r'),
	(387, 'Касли', 'Челябинская область', 'Уральский\r'),
	(388, 'Каспийск', 'Дагестан', 'Северо-Кавказский\r'),
	(389, 'Катав-Ивановск', 'Челябинская область', 'Уральский\r'),
	(390, 'Катайск', 'Курганская область', 'Уральский\r'),
	(391, 'Качканар', 'Свердловская область', 'Уральский\r'),
	(392, 'Кашин', 'Тверская область', 'Центральный\r'),
	(393, 'Кашира', 'Московская область', 'Центральный\r'),
	(394, 'Кедровый', 'Томская область', 'Сибирский\r'),
	(395, 'Кемерово', 'Кемеровская область', 'Сибирский\r'),
	(396, 'Кемь', 'Карелия', 'Северо-Западный\r'),
	(397, 'Керчь', 'Крым', 'Крымский\r'),
	(398, 'Кизел', 'Пермский край', 'Приволжский\r'),
	(399, 'Кизилюрт', 'Дагестан', 'Северо-Кавказский\r'),
	(400, 'Кизляр', 'Дагестан', 'Северо-Кавказский\r'),
	(401, 'Кимовск', 'Тульская область', 'Центральный\r'),
	(402, 'Кимры', 'Тверская область', 'Центральный\r'),
	(403, 'Кингисепп', 'Ленинградская область', 'Северо-Западный\r'),
	(404, 'Кинель', 'Самарская область', 'Приволжский\r'),
	(405, 'Кинешма', 'Ивановская область', 'Центральный\r'),
	(406, 'Киреевск', 'Тульская область', 'Центральный\r'),
	(407, 'Киренск', 'Иркутская область', 'Сибирский\r'),
	(408, 'Киржач', 'Владимирская область', 'Центральный\r'),
	(409, 'Кириллов', 'Вологодская область', 'Северо-Западный\r'),
	(410, 'Кириши', 'Ленинградская область', 'Северо-Западный\r'),
	(411, 'Киров', 'Калужская область', 'Центральный\r'),
	(412, 'Киров', 'Кировская область', 'Приволжский\r'),
	(413, 'Кировград', 'Свердловская область', 'Уральский\r'),
	(414, 'Кирово-Чепецк', 'Кировская область', 'Приволжский\r'),
	(415, 'Кировск', 'Ленинградская область', 'Северо-Западный\r'),
	(416, 'Кировск', 'Мурманская область', 'Северо-Западный\r'),
	(417, 'Кирс', 'Кировская область', 'Приволжский\r'),
	(418, 'Кирсанов', 'Тамбовская область', 'Центральный\r'),
	(419, 'Киселёвск', 'Кемеровская область', 'Сибирский\r'),
	(420, 'Кисловодск', 'Ставропольский край', 'Северо-Кавказский\r'),
	(421, 'Климовск', 'Московская область', 'Центральный\r'),
	(422, 'Клин', 'Московская область', 'Центральный\r'),
	(423, 'Клинцы', 'Брянская область', 'Центральный\r'),
	(424, 'Княгинино', 'Нижегородская область', 'Приволжский\r'),
	(425, 'Ковдор', 'Мурманская область', 'Северо-Западный\r'),
	(426, 'Ковров', 'Владимирская область', 'Центральный\r'),
	(427, 'Ковылкино', 'Мордовия', 'Приволжский\r'),
	(428, 'Когалым', 'Ханты-Мансийский авт. окр.', 'Уральский\r'),
	(429, 'Кодинск', 'Красноярский край', 'Сибирский\r'),
	(430, 'Козельск', 'Калужская область', 'Центральный\r'),
	(431, 'Козловка', 'Чувашия', 'Приволжский\r'),
	(432, 'Козьмодемьянск', 'Марий Эл', 'Приволжский\r'),
	(433, 'Кола', 'Мурманская область', 'Северо-Западный\r'),
	(434, 'Кологрив', 'Костромская область', 'Центральный\r'),
	(435, 'Коломна', 'Московская область', 'Центральный\r'),
	(436, 'Колпашево', 'Томская область', 'Сибирский\r'),
	(437, 'Колпино', 'Санкт-Петербург', 'Северо-Западный\r'),
	(438, 'Кольчугино', 'Владимирская область', 'Центральный\r'),
	(439, 'Коммунар', 'Ленинградская область', 'Северо-Западный\r'),
	(440, 'Комсомольск', 'Ивановская область', 'Центральный\r'),
	(441, 'Комсомольск-на-Амуре', 'Хабаровский край', 'Дальневосточный\r'),
	(442, 'Конаково', 'Тверская область', 'Центральный\r'),
	(443, 'Кондопога', 'Карелия', 'Северо-Западный\r'),
	(444, 'Кондрово', 'Калужская область', 'Центральный\r'),
	(445, 'Константиновск', 'Ростовская область', 'Южный\r'),
	(446, 'Копейск', 'Челябинская область', 'Уральский\r'),
	(447, 'Кораблино', 'Рязанская область', 'Центральный\r'),
	(448, 'Кореновск', 'Краснодарский край', 'Южный\r'),
	(449, 'Коркино', 'Челябинская область', 'Уральский\r'),
	(450, 'Королёв', 'Московская область', 'Центральный\r'),
	(451, 'Короча', 'Белгородская область', 'Центральный\r'),
	(452, 'Корсаков', 'Сахалинская область', 'Дальневосточный\r'),
	(453, 'Коряжма', 'Архангельская область', 'Северо-Западный\r'),
	(454, 'Костерёво', 'Владимирская область', 'Центральный\r'),
	(455, 'Костомукша', 'Карелия', 'Северо-Западный\r'),
	(456, 'Кострома', 'Костромская область', 'Центральный\r'),
	(457, 'Котельники', 'Московская область', 'Центральный\r'),
	(458, 'Котельниково', 'Волгоградская область', 'Южный\r'),
	(459, 'Котельнич', 'Кировская область', 'Приволжский\r'),
	(460, 'Котлас', 'Архангельская область', 'Северо-Западный\r'),
	(461, 'Котово', 'Волгоградская область', 'Южный\r'),
	(462, 'Котовск', 'Тамбовская область', 'Центральный\r'),
	(463, 'Кохма', 'Ивановская область', 'Центральный\r'),
	(464, 'Красавино', 'Вологодская область', 'Северо-Западный\r'),
	(465, 'Красноармейск', 'Московская область', 'Центральный\r'),
	(466, 'Красноармейск', 'Саратовская область', 'Приволжский\r'),
	(467, 'Красновишерск', 'Пермский край', 'Приволжский\r'),
	(468, 'Красногорск', 'Московская область', 'Центральный\r'),
	(469, 'Краснодар', 'Краснодарский край', 'Южный\r'),
	(470, 'Красное Село', 'Санкт-Петербург', 'Северо-Западный\r'),
	(471, 'Краснозаводск', 'Московская область', 'Центральный\r'),
	(472, 'Краснознаменск', 'Калининградская область', 'Северо-Западный\r'),
	(473, 'Краснознаменск', 'Московская область', 'Центральный\r'),
	(474, 'Краснокаменск', 'Забайкальский край', 'Сибирский\r'),
	(475, 'Краснокамск', 'Пермский край', 'Приволжский\r'),
	(476, 'Красноперекопск', 'Крым', 'Крымский\r'),
	(477, 'Краснослободск', 'Волгоградская область', 'Южный\r'),
	(478, 'Краснослободск', 'Мордовия', 'Приволжский\r'),
	(479, 'Краснотурьинск', 'Свердловская область', 'Уральский\r'),
	(480, 'Красноуральск', 'Свердловская область', 'Уральский\r'),
	(481, 'Красноуфимск', 'Свердловская область', 'Уральский\r'),
	(482, 'Красноярск', 'Красноярский край', 'Сибирский\r'),
	(483, 'Красный Кут', 'Саратовская область', 'Приволжский\r'),
	(484, 'Красный Сулин', 'Ростовская область', 'Южный\r'),
	(485, 'Красный Холм', 'Тверская область', 'Центральный\r'),
	(486, 'Кремёнки', 'Калужская область', 'Центральный\r'),
	(487, 'Кронштадт', 'Санкт-Петербург', 'Северо-Западный\r'),
	(488, 'Кропоткин', 'Краснодарский край', 'Южный\r'),
	(489, 'Крымск', 'Краснодарский край', 'Южный\r'),
	(490, 'Кстово', 'Нижегородская область', 'Приволжский\r'),
	(491, 'Кубинка', 'Московская область', 'Центральный\r'),
	(492, 'Кувандык', 'Оренбургская область', 'Приволжский\r'),
	(493, 'Кувшиново', 'Тверская область', 'Центральный\r'),
	(494, 'Кудымкар', 'Пермский край', 'Приволжский\r'),
	(495, 'Кузнецк', 'Пензенская область', 'Приволжский\r'),
	(496, 'Куйбышев', 'Новосибирская область', 'Сибирский\r'),
	(497, 'Кулебаки', 'Нижегородская область', 'Приволжский\r'),
	(498, 'Кумертау', 'Башкортостан', 'Приволжский\r'),
	(499, 'Кунгур', 'Пермский край', 'Приволжский\r'),
	(500, 'Купино', 'Новосибирская область', 'Сибирский\r'),
	(501, 'Курган', 'Курганская область', 'Уральский\r'),
	(502, 'Курганинск', 'Краснодарский край', 'Южный\r'),
	(503, 'Курильск', 'Сахалинская область', 'Дальневосточный\r'),
	(504, 'Курлово', 'Владимирская область', 'Центральный\r'),
	(505, 'Куровское', 'Московская область', 'Центральный\r'),
	(506, 'Курск', 'Курская область', 'Центральный\r'),
	(507, 'Куртамыш', 'Курганская область', 'Уральский\r'),
	(508, 'Курчатов', 'Курская область', 'Центральный\r'),
	(509, 'Куса', 'Челябинская область', 'Уральский\r'),
	(510, 'Кушва', 'Свердловская область', 'Уральский\r'),
	(511, 'Кызыл', 'Тыва', 'Сибирский\r'),
	(512, 'Кыштым', 'Челябинская область', 'Уральский\r'),
	(513, 'Кяхта', 'Бурятия', 'Сибирский\r'),
	(514, 'Лабинск', 'Краснодарский край', 'Южный\r'),
	(515, 'Лабытнанги', 'Ямало-Ненецкий авт. окр.', 'Уральский\r'),
	(516, 'Лагань', 'Калмыкия', 'Южный\r'),
	(517, 'Ладушкин', 'Калининградская область', 'Северо-Западный\r'),
	(518, 'Лаишево', 'Татарстан', 'Приволжский\r'),
	(519, 'Лакинск', 'Владимирская область', 'Центральный\r'),
	(520, 'Лангепас', 'Ханты-Мансийский авт. окр.', 'Уральский\r'),
	(521, 'Лахденпохья', 'Карелия', 'Северо-Западный\r'),
	(522, 'Лебедянь', 'Липецкая область', 'Центральный\r'),
	(523, 'Лениногорск', 'Татарстан', 'Приволжский\r'),
	(524, 'Ленинск', 'Волгоградская область', 'Южный\r'),
	(525, 'Ленинск-Кузнецкий', 'Кемеровская область', 'Сибирский\r'),
	(526, 'Ленск', 'Якутия', 'Дальневосточный\r'),
	(527, 'Лермонтов', 'Ставропольский край', 'Северо-Кавказский\r'),
	(528, 'Лесной', 'Свердловская область', 'Уральский\r'),
	(529, 'Лесозаводск', 'Приморский край', 'Дальневосточный\r'),
	(530, 'Лесосибирск', 'Красноярский край', 'Сибирский\r'),
	(531, 'Ливны', 'Орловская область', 'Центральный\r'),
	(532, 'Ликино-Дулёво', 'Московская область', 'Центральный\r'),
	(533, 'Липецк', 'Липецкая область', 'Центральный\r'),
	(534, 'Липки', 'Тульская область', 'Центральный\r'),
	(535, 'Лиски', 'Воронежская область', 'Центральный\r'),
	(536, 'Лихославль', 'Тверская область', 'Центральный\r'),
	(537, 'Лобня', 'Московская область', 'Центральный\r'),
	(538, 'Лодейное Поле', 'Ленинградская область', 'Северо-Западный\r'),
	(539, 'Ломоносов', 'Санкт-Петербург', 'Северо-Западный\r'),
	(540, 'Лосино-Петровский', 'Московская область', 'Центральный\r'),
	(541, 'Луга', 'Ленинградская область', 'Северо-Западный\r'),
	(542, 'Луза', 'Кировская область', 'Приволжский\r'),
	(543, 'Лукоянов', 'Нижегородская область', 'Приволжский\r'),
	(544, 'Луховицы', 'Московская область', 'Центральный\r'),
	(545, 'Лысково', 'Нижегородская область', 'Приволжский\r'),
	(546, 'Лысьва', 'Пермский край', 'Приволжский\r'),
	(547, 'Лыткарино', 'Московская область', 'Центральный\r'),
	(548, 'Льгов', 'Курская область', 'Центральный\r'),
	(549, 'Любань', 'Ленинградская область', 'Северо-Западный\r'),
	(550, 'Люберцы', 'Московская область', 'Центральный\r'),
	(551, 'Любим', 'Ярославская область', 'Центральный\r'),
	(552, 'Людиново', 'Калужская область', 'Центральный\r'),
	(553, 'Лянтор', 'Ханты-Мансийский авт. окр.', 'Уральский\r'),
	(554, 'Магадан', 'Магаданская область', 'Дальневосточный\r'),
	(555, 'Магас', 'Ингушетия', 'Северо-Кавказский\r'),
	(556, 'Магнитогорск', 'Челябинская область', 'Уральский\r'),
	(557, 'Майкоп', 'Адыгея', 'Южный\r'),
	(558, 'Майский', 'Кабардино-Балкария', 'Северо-Кавказский\r'),
	(559, 'Макаров', 'Сахалинская область', 'Дальневосточный\r'),
	(560, 'Макарьев', 'Костромская область', 'Центральный\r'),
	(561, 'Макушино', 'Курганская область', 'Уральский\r'),
	(562, 'Малая Вишера', 'Новгородская область', 'Северо-Западный\r'),
	(563, 'Малгобек', 'Ингушетия', 'Северо-Кавказский\r'),
	(564, 'Малмыж', 'Кировская область', 'Приволжский\r'),
	(565, 'Малоархангельск', 'Орловская область', 'Центральный\r'),
	(566, 'Малоярославец', 'Калужская область', 'Центральный\r'),
	(567, 'Мамадыш', 'Татарстан', 'Приволжский\r'),
	(568, 'Мамоново', 'Калининградская область', 'Северо-Западный\r'),
	(569, 'Мантурово', 'Костромская область', 'Центральный\r'),
	(570, 'Мариинск', 'Кемеровская область', 'Сибирский\r'),
	(571, 'Мариинский Посад', 'Чувашия', 'Приволжский\r'),
	(572, 'Маркс', 'Саратовская область', 'Приволжский\r'),
	(573, 'Махачкала', 'Дагестан', 'Северо-Кавказский\r'),
	(574, 'Мглин', 'Брянская область', 'Центральный\r'),
	(575, 'Мегион', 'Ханты-Мансийский авт. окр.', 'Уральский\r'),
	(576, 'Медвежьегорск', 'Карелия', 'Северо-Западный\r'),
	(577, 'Медногорск', 'Оренбургская область', 'Приволжский\r'),
	(578, 'Медынь', 'Калужская область', 'Центральный\r'),
	(579, 'Межгорье', 'Башкортостан', 'Приволжский\r'),
	(580, 'Междуреченск', 'Кемеровская область', 'Сибирский\r'),
	(581, 'Мезень', 'Архангельская область', 'Северо-Западный\r'),
	(582, 'Меленки', 'Владимирская область', 'Центральный\r'),
	(583, 'Мелеуз', 'Башкортостан', 'Приволжский\r'),
	(584, 'Менделеевск', 'Татарстан', 'Приволжский\r'),
	(585, 'Мензелинск', 'Татарстан', 'Приволжский\r'),
	(586, 'Мещовск', 'Калужская область', 'Центральный\r'),
	(587, 'Миасс', 'Челябинская область', 'Уральский\r'),
	(588, 'Микунь', 'Коми', 'Северо-Западный\r'),
	(589, 'Миллерово', 'Ростовская область', 'Южный\r'),
	(590, 'Минеральные Воды', 'Ставропольский край', 'Северо-Кавказский\r'),
	(591, 'Минусинск', 'Красноярский край', 'Сибирский\r'),
	(592, 'Миньяр', 'Челябинская область', 'Уральский\r'),
	(593, 'Мирный', 'Архангельская область', 'Северо-Западный\r'),
	(594, 'Мирный', 'Якутия', 'Дальневосточный\r'),
	(595, 'Михайлов', 'Рязанская область', 'Центральный\r'),
	(596, 'Михайловка', 'Волгоградская область', 'Южный\r'),
	(597, 'Михайловск', 'Свердловская область', 'Уральский\r'),
	(598, 'Михайловск', 'Ставропольский край', 'Северо-Кавказский\r'),
	(599, 'Мичуринск', 'Тамбовская область', 'Центральный\r'),
	(600, 'Могоча', 'Забайкальский край', 'Сибирский\r'),
	(601, 'Можайск', 'Московская область', 'Центральный\r'),
	(602, 'Можга', 'Удмуртия', 'Приволжский\r'),
	(603, 'Моздок', 'Северная Осетия - Алания', 'Северо-Кавказский\r'),
	(604, 'Мончегорск', 'Мурманская область', 'Северо-Западный\r'),
	(605, 'Морозовск', 'Ростовская область', 'Южный\r'),
	(606, 'Моршанск', 'Тамбовская область', 'Центральный\r'),
	(607, 'Мосальск', 'Калужская область', 'Центральный\r'),
	(608, 'Москва', 'Москва', 'Центральный\r'),
	(609, 'Московский', 'Москва', 'Центральный\r'),
	(610, 'Муравленко', 'Ямало-Ненецкий авт. окр.', 'Уральский\r'),
	(611, 'Мураши', 'Кировская область', 'Приволжский\r'),
	(612, 'Мурманск', 'Мурманская область', 'Северо-Западный\r'),
	(613, 'Муром', 'Владимирская область', 'Центральный\r'),
	(614, 'Мценск', 'Орловская область', 'Центральный\r'),
	(615, 'Мыски', 'Кемеровская область', 'Сибирский\r'),
	(616, 'Мытищи', 'Московская область', 'Центральный\r'),
	(617, 'Мышкин', 'Ярославская область', 'Центральный\r'),
	(618, 'Набережные Челны', 'Татарстан', 'Приволжский\r'),
	(619, 'Навашино', 'Нижегородская область', 'Приволжский\r'),
	(620, 'Наволоки', 'Ивановская область', 'Центральный\r'),
	(621, 'Надым', 'Ямало-Ненецкий авт. окр.', 'Уральский\r'),
	(622, 'Назарово', 'Красноярский край', 'Сибирский\r'),
	(623, 'Назрань', 'Ингушетия', 'Северо-Кавказский\r'),
	(624, 'Называевск', 'Омская область', 'Сибирский\r'),
	(625, 'Нальчик', 'Кабардино-Балкария', 'Северо-Кавказский\r'),
	(626, 'Нариманов', 'Астраханская область', 'Южный\r'),
	(627, 'Наро-Фоминск', 'Московская область', 'Центральный\r'),
	(628, 'Нарткала', 'Кабардино-Балкария', 'Северо-Кавказский\r'),
	(629, 'Нарьян-Мар', 'Ненецкий Авт. Окр.', 'Северо-Западный\r'),
	(630, 'Находка', 'Приморский край', 'Дальневосточный\r'),
	(631, 'Невель', 'Псковская область', 'Северо-Западный\r'),
	(632, 'Невельск', 'Сахалинская область', 'Дальневосточный\r'),
	(633, 'Невинномысск', 'Ставропольский край', 'Северо-Кавказский\r'),
	(634, 'Невьянск', 'Свердловская область', 'Уральский\r'),
	(635, 'Нелидово', 'Тверская область', 'Центральный\r'),
	(636, 'Неман', 'Калининградская область', 'Северо-Западный\r'),
	(637, 'Нерехта', 'Костромская область', 'Центральный\r'),
	(638, 'Нерчинск', 'Забайкальский край', 'Сибирский\r'),
	(639, 'Нерюнгри', 'Якутия', 'Дальневосточный\r'),
	(640, 'Нестеров', 'Калининградская область', 'Северо-Западный\r'),
	(641, 'Нефтегорск', 'Самарская область', 'Приволжский\r'),
	(642, 'Нефтекамск', 'Башкортостан', 'Приволжский\r'),
	(643, 'Нефтекумск', 'Ставропольский край', 'Северо-Кавказский\r'),
	(644, 'Нефтеюганск', 'Ханты-Мансийский авт. окр.', 'Уральский\r'),
	(645, 'Нея', 'Костромская область', 'Центральный\r'),
	(646, 'Нижневартовск', 'Ханты-Мансийский авт. окр.', 'Уральский\r'),
	(647, 'Нижнекамск', 'Татарстан', 'Приволжский\r'),
	(648, 'Нижнеудинск', 'Иркутская область', 'Сибирский\r'),
	(649, 'Нижние Серги', 'Свердловская область', 'Уральский\r'),
	(650, 'Нижний Ломов', 'Пензенская область', 'Приволжский\r'),
	(651, 'Нижний Новгород', 'Нижегородская область', 'Приволжский\r'),
	(652, 'Нижний Тагил', 'Свердловская область', 'Уральский\r'),
	(653, 'Нижняя Салда', 'Свердловская область', 'Уральский\r'),
	(654, 'Нижняя Тура', 'Свердловская область', 'Уральский\r'),
	(655, 'Николаевск', 'Волгоградская область', 'Южный\r'),
	(656, 'Николаевск-на-Амуре', 'Хабаровский край', 'Дальневосточный\r'),
	(657, 'Никольск', 'Вологодская область', 'Северо-Западный\r'),
	(658, 'Никольск', 'Пензенская область', 'Приволжский\r'),
	(659, 'Никольское', 'Ленинградская область', 'Северо-Западный\r'),
	(660, 'Новая Ладога', 'Ленинградская область', 'Северо-Западный\r'),
	(661, 'Новая Ляля', 'Свердловская область', 'Уральский\r'),
	(662, 'Новоалександровск', 'Ставропольский край', 'Северо-Кавказский\r'),
	(663, 'Новоалтайск', 'Алтайский край', 'Сибирский\r'),
	(664, 'Новоаннинский', 'Волгоградская область', 'Южный\r'),
	(665, 'Нововоронеж', 'Воронежская область', 'Центральный\r'),
	(666, 'Новодвинск', 'Архангельская область', 'Северо-Западный\r'),
	(667, 'Новозыбков', 'Брянская область', 'Центральный\r'),
	(668, 'Новокубанск', 'Краснодарский край', 'Южный\r'),
	(669, 'Новокузнецк', 'Кемеровская область', 'Сибирский\r'),
	(670, 'Новокуйбышевск', 'Самарская область', 'Приволжский\r'),
	(671, 'Новомичуринск', 'Рязанская область', 'Центральный\r'),
	(672, 'Новомосковск', 'Тульская область', 'Центральный\r'),
	(673, 'Новопавловск', 'Ставропольский край', 'Северо-Кавказский\r'),
	(674, 'Новоржев', 'Псковская область', 'Северо-Западный\r'),
	(675, 'Новороссийск', 'Краснодарский край', 'Южный\r'),
	(676, 'Новосибирск', 'Новосибирская область', 'Сибирский\r'),
	(677, 'Новосиль', 'Орловская область', 'Центральный\r'),
	(678, 'Новосокольники', 'Псковская область', 'Северо-Западный\r'),
	(679, 'Новотроицк', 'Оренбургская область', 'Приволжский\r'),
	(680, 'Новоузенск', 'Саратовская область', 'Приволжский\r'),
	(681, 'Новоульяновск', 'Ульяновская область', 'Приволжский\r'),
	(682, 'Новоуральск', 'Свердловская область', 'Уральский\r'),
	(683, 'Новохопёрск', 'Воронежская область', 'Центральный\r'),
	(684, 'Новочебоксарск', 'Чувашия', 'Приволжский\r'),
	(685, 'Новочеркасск', 'Ростовская область', 'Южный\r'),
	(686, 'Новошахтинск', 'Ростовская область', 'Южный\r'),
	(687, 'Новый Оскол', 'Белгородская область', 'Центральный\r'),
	(688, 'Новый Уренгой', 'Ямало-Ненецкий авт. окр.', 'Уральский\r'),
	(689, 'Ногинск', 'Московская область', 'Центральный\r'),
	(690, 'Нолинск', 'Кировская область', 'Приволжский\r'),
	(691, 'Норильск', 'Красноярский край', 'Сибирский\r'),
	(692, 'Ноябрьск', 'Ямало-Ненецкий авт. окр.', 'Уральский\r'),
	(693, 'Нурлат', 'Татарстан', 'Приволжский\r'),
	(694, 'Нытва', 'Пермский край', 'Приволжский\r'),
	(695, 'Нюрба', 'Якутия', 'Дальневосточный\r'),
	(696, 'Нягань', 'Ханты-Мансийский авт. окр.', 'Уральский\r'),
	(697, 'Нязепетровск', 'Челябинская область', 'Уральский\r'),
	(698, 'Няндома', 'Архангельская область', 'Северо-Западный\r'),
	(699, 'Облучье', 'Еврейская АО', 'Дальневосточный\r'),
	(700, 'Обнинск', 'Калужская область', 'Центральный\r'),
	(701, 'Обоянь', 'Курская область', 'Центральный\r'),
	(702, 'Обь', 'Новосибирская область', 'Сибирский\r'),
	(703, 'Одинцово', 'Московская область', 'Центральный\r'),
	(704, 'Ожерелье', 'Московская область', 'Центральный\r'),
	(705, 'Озёрск', 'Калининградская область', 'Северо-Западный\r'),
	(706, 'Озёрск', 'Челябинская область', 'Уральский\r'),
	(707, 'Озёры', 'Московская область', 'Центральный\r'),
	(708, 'Октябрьск', 'Самарская область', 'Приволжский\r'),
	(709, 'Октябрьский', 'Башкортостан', 'Приволжский\r'),
	(710, 'Окуловка', 'Новгородская область', 'Северо-Западный\r'),
	(711, 'Олёкминск', 'Якутия', 'Дальневосточный\r'),
	(712, 'Оленегорск', 'Мурманская область', 'Северо-Западный\r'),
	(713, 'Олонец', 'Карелия', 'Северо-Западный\r'),
	(714, 'Омск', 'Омская область', 'Сибирский\r'),
	(715, 'Омутнинск', 'Кировская область', 'Приволжский\r'),
	(716, 'Онега', 'Архангельская область', 'Северо-Западный\r'),
	(717, 'Опочка', 'Псковская область', 'Северо-Западный\r'),
	(718, 'Орёл', 'Орловская область', 'Центральный\r'),
	(719, 'Оренбург', 'Оренбургская область', 'Приволжский\r'),
	(720, 'Орехово-Зуево', 'Московская область', 'Центральный\r'),
	(721, 'Орлов', 'Кировская область', 'Приволжский\r'),
	(722, 'Орск', 'Оренбургская область', 'Приволжский\r'),
	(723, 'Оса', 'Пермский край', 'Приволжский\r'),
	(724, 'Осинники', 'Кемеровская область', 'Сибирский\r'),
	(725, 'Осташков', 'Тверская область', 'Центральный\r'),
	(726, 'Остров', 'Псковская область', 'Северо-Западный\r'),
	(727, 'Островной', 'Мурманская область', 'Северо-Западный\r'),
	(728, 'Острогожск', 'Воронежская область', 'Центральный\r'),
	(729, 'Отрадное', 'Ленинградская область', 'Северо-Западный\r'),
	(730, 'Отрадный', 'Самарская область', 'Приволжский\r'),
	(731, 'Оха', 'Сахалинская область', 'Дальневосточный\r'),
	(732, 'Оханск', 'Пермский край', 'Приволжский\r'),
	(733, 'Очёр', 'Пермский край', 'Приволжский\r'),
	(734, 'Павлово', 'Нижегородская область', 'Приволжский\r'),
	(735, 'Павловск', 'Воронежская область', 'Центральный\r'),
	(736, 'Павловск', 'Санкт-Петербург', 'Северо-Западный\r'),
	(737, 'Павловский Посад', 'Московская область', 'Центральный\r'),
	(738, 'Палласовка', 'Волгоградская область', 'Южный\r'),
	(739, 'Партизанск', 'Приморский край', 'Дальневосточный\r'),
	(740, 'Певек', 'Чукотский авт. окр.', 'Дальневосточный\r'),
	(741, 'Пенза', 'Пензенская область', 'Приволжский\r'),
	(742, 'Первомайск', 'Нижегородская область', 'Приволжский\r'),
	(743, 'Первоуральск', 'Свердловская область', 'Уральский\r'),
	(744, 'Перевоз', 'Нижегородская область', 'Приволжский\r'),
	(745, 'Пересвет', 'Московская область', 'Центральный\r'),
	(746, 'Переславль-Залесский', 'Ярославская область', 'Центральный\r'),
	(747, 'Пермь', 'Пермский край', 'Приволжский\r'),
	(748, 'Пестово', 'Новгородская область', 'Северо-Западный\r'),
	(749, 'Петергоф', 'Санкт-Петербург', 'Северо-Западный\r'),
	(750, 'Петров Вал', 'Волгоградская область', 'Южный\r'),
	(751, 'Петровск', 'Саратовская область', 'Приволжский\r'),
	(752, 'Петровск-Забайкальский', 'Забайкальский край', 'Сибирский\r'),
	(753, 'Петрозаводск', 'Карелия', 'Северо-Западный\r'),
	(754, 'Петропавловск-Камчатский', 'Камчатский край', 'Дальневосточный\r'),
	(755, 'Петухово', 'Курганская область', 'Уральский\r'),
	(756, 'Петушки', 'Владимирская область', 'Центральный\r'),
	(757, 'Печора', 'Коми', 'Северо-Западный\r'),
	(758, 'Печоры', 'Псковская область', 'Северо-Западный\r'),
	(759, 'Пикалёво', 'Ленинградская область', 'Северо-Западный\r'),
	(760, 'Пионерский', 'Калининградская область', 'Северо-Западный\r'),
	(761, 'Питкяранта', 'Карелия', 'Северо-Западный\r'),
	(762, 'Плавск', 'Тульская область', 'Центральный\r'),
	(763, 'Пласт', 'Челябинская область', 'Уральский\r'),
	(764, 'Плёс', 'Ивановская область', 'Центральный\r'),
	(765, 'Поворино', 'Воронежская область', 'Центральный\r'),
	(766, 'Подольск', 'Московская область', 'Центральный\r'),
	(767, 'Подпорожье', 'Ленинградская область', 'Северо-Западный\r'),
	(768, 'Покачи', 'Ханты-Мансийский авт. окр.', 'Уральский\r'),
	(769, 'Покров', 'Владимирская область', 'Центральный\r'),
	(770, 'Покровск', 'Якутия', 'Дальневосточный\r'),
	(771, 'Полевской', 'Свердловская область', 'Уральский\r'),
	(772, 'Полесск', 'Калининградская область', 'Северо-Западный\r'),
	(773, 'Полысаево', 'Кемеровская область', 'Сибирский\r'),
	(774, 'Полярные Зори', 'Мурманская область', 'Северо-Западный\r'),
	(775, 'Полярный', 'Мурманская область', 'Северо-Западный\r'),
	(776, 'Поронайск', 'Сахалинская область', 'Дальневосточный\r'),
	(777, 'Порхов', 'Псковская область', 'Северо-Западный\r'),
	(778, 'Похвистнево', 'Самарская область', 'Приволжский\r'),
	(779, 'Почеп', 'Брянская область', 'Центральный\r'),
	(780, 'Починок', 'Смоленская область', 'Центральный\r'),
	(781, 'Пошехонье', 'Ярославская область', 'Центральный\r'),
	(782, 'Правдинск', 'Калининградская область', 'Северо-Западный\r'),
	(783, 'Приволжск', 'Ивановская область', 'Центральный\r'),
	(784, 'Приморск', 'Калининградская область', 'Северо-Западный\r'),
	(785, 'Приморск', 'Ленинградская область', 'Северо-Западный\r'),
	(786, 'Приморско-Ахтарск', 'Краснодарский край', 'Южный\r'),
	(787, 'Приозерск', 'Ленинградская область', 'Северо-Западный\r'),
	(788, 'Прокопьевск', 'Кемеровская область', 'Сибирский\r'),
	(789, 'Пролетарск', 'Ростовская область', 'Южный\r'),
	(790, 'Протвино', 'Московская область', 'Центральный\r'),
	(791, 'Прохладный', 'Кабардино-Балкария', 'Северо-Кавказский\r'),
	(792, 'Псков', 'Псковская область', 'Северо-Западный\r'),
	(793, 'Пугачёв', 'Саратовская область', 'Приволжский\r'),
	(794, 'Пудож', 'Карелия', 'Северо-Западный\r'),
	(795, 'Пустошка', 'Псковская область', 'Северо-Западный\r'),
	(796, 'Пучеж', 'Ивановская область', 'Центральный\r'),
	(797, 'Пушкин', 'Санкт-Петербург', 'Северо-Западный\r'),
	(798, 'Пушкино', 'Московская область', 'Центральный\r'),
	(799, 'Пущино', 'Московская область', 'Центральный\r'),
	(800, 'Пыталово', 'Псковская область', 'Северо-Западный\r'),
	(801, 'Пыть-Ях', 'Ханты-Мансийский авт. окр.', 'Уральский\r'),
	(802, 'Пятигорск', 'Ставропольский край', 'Северо-Кавказский\r'),
	(803, 'Радужный', 'Владимирская область', 'Центральный\r'),
	(804, 'Радужный', 'Ханты-Мансийский авт. окр.', 'Уральский\r'),
	(805, 'Райчихинск', 'Амурская область', 'Дальневосточный\r'),
	(806, 'Раменское', 'Московская область', 'Центральный\r'),
	(807, 'Рассказово', 'Тамбовская область', 'Центральный\r'),
	(808, 'Ревда', 'Свердловская область', 'Уральский\r'),
	(809, 'Реж', 'Свердловская область', 'Уральский\r'),
	(810, 'Реутов', 'Московская область', 'Центральный\r'),
	(811, 'Ржев', 'Тверская область', 'Центральный\r'),
	(812, 'Родники', 'Ивановская область', 'Центральный\r'),
	(813, 'Рославль', 'Смоленская область', 'Центральный\r'),
	(814, 'Россошь', 'Воронежская область', 'Центральный\r'),
	(815, 'Ростов', 'Ярославская область', 'Центральный\r'),
	(816, 'Ростов-на-Дону', 'Ростовская область', 'Южный\r'),
	(817, 'Рошаль', 'Московская область', 'Центральный\r'),
	(818, 'Ртищево', 'Саратовская область', 'Приволжский\r'),
	(819, 'Рубцовск', 'Алтайский край', 'Сибирский\r'),
	(820, 'Рудня', 'Смоленская область', 'Центральный\r'),
	(821, 'Руза', 'Московская область', 'Центральный\r'),
	(822, 'Рузаевка', 'Мордовия', 'Приволжский\r'),
	(823, 'Рыбинск', 'Ярославская область', 'Центральный\r'),
	(824, 'Рыбное', 'Рязанская область', 'Центральный\r'),
	(825, 'Рыльск', 'Курская область', 'Центральный\r'),
	(826, 'Ряжск', 'Рязанская область', 'Центральный\r'),
	(827, 'Рязань', 'Рязанская область', 'Центральный\r'),
	(828, 'Саки', 'Крым', 'Крымский\r'),
	(829, 'Салават', 'Башкортостан', 'Приволжский\r'),
	(830, 'Салаир', 'Кемеровская область', 'Сибирский\r'),
	(831, 'Салехард', 'Ямало-Ненецкий авт. окр.', 'Уральский\r'),
	(832, 'Сальск', 'Ростовская область', 'Южный\r'),
	(833, 'Самара', 'Самарская область', 'Приволжский\r'),
	(834, 'Санкт-Петербург', 'Санкт-Петербург', 'Северо-Западный\r'),
	(835, 'Саранск', 'Мордовия', 'Приволжский\r'),
	(836, 'Сарапул', 'Удмуртия', 'Приволжский\r'),
	(837, 'Саратов', 'Саратовская область', 'Приволжский\r'),
	(838, 'Саров', 'Нижегородская область', 'Приволжский\r'),
	(839, 'Сасово', 'Рязанская область', 'Центральный\r'),
	(840, 'Сатка', 'Челябинская область', 'Уральский\r'),
	(841, 'Сафоново', 'Смоленская область', 'Центральный\r'),
	(842, 'Саяногорск', 'Хакасия', 'Сибирский\r'),
	(843, 'Саянск', 'Иркутская область', 'Сибирский\r'),
	(844, 'Светлогорск', 'Калининградская область', 'Северо-Западный\r'),
	(845, 'Светлоград', 'Ставропольский край', 'Северо-Кавказский\r'),
	(846, 'Светлый', 'Калининградская область', 'Северо-Западный\r'),
	(847, 'Светогорск', 'Ленинградская область', 'Северо-Западный\r'),
	(848, 'Свирск', 'Иркутская область', 'Сибирский\r'),
	(849, 'Свободный', 'Амурская область', 'Дальневосточный\r'),
	(850, 'Себеж', 'Псковская область', 'Северо-Западный\r'),
	(851, 'Севастополь', 'Севастополь', 'Крымский\r'),
	(852, 'Северо-Курильск', 'Сахалинская область', 'Дальневосточный\r'),
	(853, 'Северобайкальск', 'Бурятия', 'Сибирский\r'),
	(854, 'Северодвинск', 'Архангельская область', 'Северо-Западный\r'),
	(855, 'Североморск', 'Мурманская область', 'Северо-Западный\r'),
	(856, 'Североуральск', 'Свердловская область', 'Уральский\r'),
	(857, 'Северск', 'Томская область', 'Сибирский\r'),
	(858, 'Севск', 'Брянская область', 'Центральный\r'),
	(859, 'Сегежа', 'Карелия', 'Северо-Западный\r'),
	(860, 'Сельцо', 'Брянская область', 'Центральный\r'),
	(861, 'Семёнов', 'Нижегородская область', 'Приволжский\r'),
	(862, 'Семикаракорск', 'Ростовская область', 'Южный\r'),
	(863, 'Семилуки', 'Воронежская область', 'Центральный\r'),
	(864, 'Сенгилей', 'Ульяновская область', 'Приволжский\r'),
	(865, 'Серафимович', 'Волгоградская область', 'Южный\r'),
	(866, 'Сергач', 'Нижегородская область', 'Приволжский\r'),
	(867, 'Сергиев Посад', 'Московская область', 'Центральный\r'),
	(868, 'Сердобск', 'Пензенская область', 'Приволжский\r'),
	(869, 'Серов', 'Свердловская область', 'Уральский\r'),
	(870, 'Серпухов', 'Московская область', 'Центральный\r'),
	(871, 'Сертолово', 'Ленинградская область', 'Северо-Западный\r'),
	(872, 'Сестрорецк', 'Санкт-Петербург', 'Северо-Западный\r'),
	(873, 'Сибай', 'Башкортостан', 'Приволжский\r'),
	(874, 'Сим', 'Челябинская область', 'Уральский\r'),
	(875, 'Симферополь', 'Крым', 'Крымский\r'),
	(876, 'Сковородино', 'Амурская область', 'Дальневосточный\r'),
	(877, 'Скопин', 'Рязанская область', 'Центральный\r'),
	(878, 'Славгород', 'Алтайский край', 'Сибирский\r'),
	(879, 'Славск', 'Калининградская область', 'Северо-Западный\r'),
	(880, 'Славянск-на-Кубани', 'Краснодарский край', 'Южный\r'),
	(881, 'Сланцы', 'Ленинградская область', 'Северо-Западный\r'),
	(882, 'Слободской', 'Кировская область', 'Приволжский\r'),
	(883, 'Слюдянка', 'Иркутская область', 'Сибирский\r'),
	(884, 'Смоленск', 'Смоленская область', 'Центральный\r'),
	(885, 'Снежинск', 'Челябинская область', 'Уральский\r'),
	(886, 'Снежногорск', 'Мурманская область', 'Северо-Западный\r'),
	(887, 'Собинка', 'Владимирская область', 'Центральный\r'),
	(888, 'Советск', 'Калининградская область', 'Северо-Западный\r'),
	(889, 'Советск', 'Кировская область', 'Приволжский\r'),
	(890, 'Советск', 'Тульская область', 'Центральный\r'),
	(891, 'Советская Гавань', 'Хабаровский край', 'Дальневосточный\r'),
	(892, 'Советский', 'Ханты-Мансийский авт. окр.', 'Уральский\r'),
	(893, 'Сокол', 'Вологодская область', 'Северо-Западный\r'),
	(894, 'Солигалич', 'Костромская область', 'Центральный\r'),
	(895, 'Соликамск', 'Пермский край', 'Приволжский\r'),
	(896, 'Солнечногорск', 'Московская область', 'Центральный\r'),
	(897, 'Соль-Илецк', 'Оренбургская область', 'Приволжский\r'),
	(898, 'Сольвычегодск', 'Архангельская область', 'Северо-Западный\r'),
	(899, 'Сольцы', 'Новгородская область', 'Северо-Западный\r'),
	(900, 'Сорочинск', 'Оренбургская область', 'Приволжский\r'),
	(901, 'Сорск', 'Хакасия', 'Сибирский\r'),
	(902, 'Сортавала', 'Карелия', 'Северо-Западный\r'),
	(903, 'Сосенский', 'Калужская область', 'Центральный\r'),
	(904, 'Сосновка', 'Кировская область', 'Приволжский\r'),
	(905, 'Сосновоборск', 'Красноярский край', 'Сибирский\r'),
	(906, 'Сосновый Бор', 'Ленинградская область', 'Северо-Западный\r'),
	(907, 'Сосногорск', 'Коми', 'Северо-Западный\r'),
	(908, 'Сочи', 'Краснодарский край', 'Южный\r'),
	(909, 'Спас-Деменск', 'Калужская область', 'Центральный\r'),
	(910, 'Спас-Клепики', 'Рязанская область', 'Центральный\r'),
	(911, 'Спасск', 'Пензенская область', 'Приволжский\r'),
	(912, 'Спасск-Дальний', 'Приморский край', 'Дальневосточный\r'),
	(913, 'Спасск-Рязанский', 'Рязанская область', 'Центральный\r'),
	(914, 'Среднеколымск', 'Якутия', 'Дальневосточный\r'),
	(915, 'Среднеуральск', 'Свердловская область', 'Уральский\r'),
	(916, 'Сретенск', 'Забайкальский край', 'Сибирский\r'),
	(917, 'Ставрополь', 'Ставропольский край', 'Северо-Кавказский\r'),
	(918, 'Старая Купавна', 'Московская область', 'Центральный\r'),
	(919, 'Старая Русса', 'Новгородская область', 'Северо-Западный\r'),
	(920, 'Старица', 'Тверская область', 'Центральный\r'),
	(921, 'Стародуб', 'Брянская область', 'Центральный\r'),
	(922, 'Старый Крым', 'Крым', 'Крымский\r'),
	(923, 'Старый Оскол', 'Белгородская область', 'Центральный\r'),
	(924, 'Стерлитамак', 'Башкортостан', 'Приволжский\r'),
	(925, 'Стрежевой', 'Томская область', 'Сибирский\r'),
	(926, 'Строитель', 'Белгородская область', 'Центральный\r'),
	(927, 'Струнино', 'Владимирская область', 'Центральный\r'),
	(928, 'Ступино', 'Московская область', 'Центральный\r'),
	(929, 'Суворов', 'Тульская область', 'Центральный\r'),
	(930, 'Судак', 'Крым', 'Крымский\r'),
	(931, 'Суджа', 'Курская область', 'Центральный\r'),
	(932, 'Судогда', 'Владимирская область', 'Центральный\r'),
	(933, 'Суздаль', 'Владимирская область', 'Центральный\r'),
	(934, 'Суоярви', 'Карелия', 'Северо-Западный\r'),
	(935, 'Сураж', 'Брянская область', 'Центральный\r'),
	(936, 'Сургут', 'Ханты-Мансийский авт. окр.', 'Уральский\r'),
	(937, 'Суровикино', 'Волгоградская область', 'Южный\r'),
	(938, 'Сурск', 'Пензенская область', 'Приволжский\r'),
	(939, 'Сусуман', 'Магаданская область', 'Дальневосточный\r'),
	(940, 'Сухиничи', 'Калужская область', 'Центральный\r'),
	(941, 'Сухой Лог', 'Свердловская область', 'Уральский\r'),
	(942, 'Сызрань', 'Самарская область', 'Приволжский\r'),
	(943, 'Сыктывкар', 'Коми', 'Северо-Западный\r'),
	(944, 'Сысерть', 'Свердловская область', 'Уральский\r'),
	(945, 'Сычёвка', 'Смоленская область', 'Центральный\r'),
	(946, 'Сясьстрой', 'Ленинградская область', 'Северо-Западный\r'),
	(947, 'Тавда', 'Свердловская область', 'Уральский\r'),
	(948, 'Таганрог', 'Ростовская область', 'Южный\r'),
	(949, 'Тайга', 'Кемеровская область', 'Сибирский\r'),
	(950, 'Тайшет', 'Иркутская область', 'Сибирский\r'),
	(951, 'Талдом', 'Московская область', 'Центральный\r'),
	(952, 'Талица', 'Свердловская область', 'Уральский\r'),
	(953, 'Тамбов', 'Тамбовская область', 'Центральный\r'),
	(954, 'Тара', 'Омская область', 'Сибирский\r'),
	(955, 'Тарко-Сале', 'Ямало-Ненецкий авт. окр.', 'Уральский\r'),
	(956, 'Таруса', 'Калужская область', 'Центральный\r'),
	(957, 'Татарск', 'Новосибирская область', 'Сибирский\r'),
	(958, 'Таштагол', 'Кемеровская область', 'Сибирский\r'),
	(959, 'Тверь', 'Тверская область', 'Центральный\r'),
	(960, 'Теберда', 'Карачаево-Черкесия', 'Северо-Кавказский\r'),
	(961, 'Тейково', 'Ивановская область', 'Центральный\r'),
	(962, 'Темников', 'Мордовия', 'Приволжский\r'),
	(963, 'Темрюк', 'Краснодарский край', 'Южный\r'),
	(964, 'Терек', 'Кабардино-Балкария', 'Северо-Кавказский\r'),
	(965, 'Тетюши', 'Татарстан', 'Приволжский\r'),
	(966, 'Тимашёвск', 'Краснодарский край', 'Южный\r'),
	(967, 'Тихвин', 'Ленинградская область', 'Северо-Западный\r'),
	(968, 'Тихорецк', 'Краснодарский край', 'Южный\r'),
	(969, 'Тобольск', 'Тюменская область', 'Уральский\r'),
	(970, 'Тогучин', 'Новосибирская область', 'Сибирский\r'),
	(971, 'Тольятти', 'Самарская область', 'Приволжский\r'),
	(972, 'Томари', 'Сахалинская область', 'Дальневосточный\r'),
	(973, 'Томмот', 'Якутия', 'Дальневосточный\r'),
	(974, 'Томск', 'Томская область', 'Сибирский\r'),
	(975, 'Топки', 'Кемеровская область', 'Сибирский\r'),
	(976, 'Торжок', 'Тверская область', 'Центральный\r'),
	(977, 'Торопец', 'Тверская область', 'Центральный\r'),
	(978, 'Тосно', 'Ленинградская область', 'Северо-Западный\r'),
	(979, 'Тотьма', 'Вологодская область', 'Северо-Западный\r'),
	(980, 'Трёхгорный', 'Челябинская область', 'Уральский\r'),
	(981, 'Троицк', 'Москва', 'Центральный\r'),
	(982, 'Троицк', 'Челябинская область', 'Уральский\r'),
	(983, 'Трубчевск', 'Брянская область', 'Центральный\r'),
	(984, 'Туапсе', 'Краснодарский край', 'Южный\r'),
	(985, 'Туймазы', 'Башкортостан', 'Приволжский\r'),
	(986, 'Тула', 'Тульская область', 'Центральный\r'),
	(987, 'Тулун', 'Иркутская область', 'Сибирский\r'),
	(988, 'Туран', 'Тыва', 'Сибирский\r'),
	(989, 'Туринск', 'Свердловская область', 'Уральский\r'),
	(990, 'Тутаев', 'Ярославская область', 'Центральный\r'),
	(991, 'Тында', 'Амурская область', 'Дальневосточный\r'),
	(992, 'Тырныауз', 'Кабардино-Балкария', 'Северо-Кавказский\r'),
	(993, 'Тюкалинск', 'Омская область', 'Сибирский\r'),
	(994, 'Тюмень', 'Тюменская область', 'Уральский\r'),
	(995, 'Уварово', 'Тамбовская область', 'Центральный\r'),
	(996, 'Углегорск', 'Сахалинская область', 'Дальневосточный\r'),
	(997, 'Углич', 'Ярославская область', 'Центральный\r'),
	(998, 'Удачный', 'Якутия', 'Дальневосточный\r'),
	(999, 'Удомля', 'Тверская область', 'Центральный\r'),
	(1000, 'Ужур', 'Красноярский край', 'Сибирский\r'),
	(1001, 'Узловая', 'Тульская область', 'Центральный\r'),
	(1002, 'Улан-Удэ', 'Бурятия', 'Сибирский\r'),
	(1003, 'Ульяновск', 'Ульяновская область', 'Приволжский\r'),
	(1004, 'Унеча', 'Брянская область', 'Центральный\r'),
	(1005, 'Урай', 'Ханты-Мансийский авт. окр.', 'Уральский\r'),
	(1006, 'Урень', 'Нижегородская область', 'Приволжский\r'),
	(1007, 'Уржум', 'Кировская область', 'Приволжский\r'),
	(1008, 'Урус-Мартан', 'Чечня', 'Северо-Кавказский\r'),
	(1009, 'Урюпинск', 'Волгоградская область', 'Южный\r'),
	(1010, 'Усинск', 'Коми', 'Северо-Западный\r'),
	(1011, 'Усмань', 'Липецкая область', 'Центральный\r'),
	(1012, 'Усолье', 'Пермский край', 'Приволжский\r'),
	(1013, 'Усолье-Сибирское', 'Иркутская область', 'Сибирский\r'),
	(1014, 'Уссурийск', 'Приморский край', 'Дальневосточный\r'),
	(1015, 'Усть-Джегута', 'Карачаево-Черкесия', 'Северо-Кавказский\r'),
	(1016, 'Усть-Илимск', 'Иркутская область', 'Сибирский\r'),
	(1017, 'Усть-Катав', 'Челябинская область', 'Уральский\r'),
	(1018, 'Усть-Кут', 'Иркутская область', 'Сибирский\r'),
	(1019, 'Усть-Лабинск', 'Краснодарский край', 'Южный\r'),
	(1020, 'Устюжна', 'Вологодская область', 'Северо-Западный\r'),
	(1021, 'Уфа', 'Башкортостан', 'Приволжский\r'),
	(1022, 'Ухта', 'Коми', 'Северо-Западный\r'),
	(1023, 'Учалы', 'Башкортостан', 'Приволжский\r'),
	(1024, 'Уяр', 'Красноярский край', 'Сибирский\r'),
	(1025, 'Фатеж', 'Курская область', 'Центральный\r'),
	(1026, 'Феодосия', 'Крым', 'Крымский\r'),
	(1027, 'Фокино', 'Брянская область', 'Центральный\r'),
	(1028, 'Фокино', 'Приморский край', 'Дальневосточный\r'),
	(1029, 'Фролово', 'Волгоградская область', 'Южный\r'),
	(1030, 'Фрязино', 'Московская область', 'Центральный\r'),
	(1031, 'Фурманов', 'Ивановская область', 'Центральный\r'),
	(1032, 'Хабаровск', 'Хабаровский край', 'Дальневосточный\r'),
	(1033, 'Хадыженск', 'Краснодарский край', 'Южный\r'),
	(1034, 'Ханты-Мансийск', 'Ханты-Мансийский авт. окр.', 'Уральский\r'),
	(1035, 'Харабали', 'Астраханская область', 'Южный\r'),
	(1036, 'Харовск', 'Вологодская область', 'Северо-Западный\r'),
	(1037, 'Хасавюрт', 'Дагестан', 'Северо-Кавказский\r'),
	(1038, 'Хвалынск', 'Саратовская область', 'Приволжский\r'),
	(1039, 'Хилок', 'Забайкальский край', 'Сибирский\r'),
	(1040, 'Химки', 'Московская область', 'Центральный\r'),
	(1041, 'Холм', 'Новгородская область', 'Северо-Западный\r'),
	(1042, 'Холмск', 'Сахалинская область', 'Дальневосточный\r'),
	(1043, 'Хотьково', 'Московская область', 'Центральный\r'),
	(1044, 'Цивильск', 'Чувашия', 'Приволжский\r'),
	(1045, 'Цимлянск', 'Ростовская область', 'Южный\r'),
	(1046, 'Чадан', 'Тыва', 'Сибирский\r'),
	(1047, 'Чайковский', 'Пермский край', 'Приволжский\r'),
	(1048, 'Чапаевск', 'Самарская область', 'Приволжский\r'),
	(1049, 'Чаплыгин', 'Липецкая область', 'Центральный\r'),
	(1050, 'Чебаркуль', 'Челябинская область', 'Уральский\r'),
	(1051, 'Чебоксары', 'Чувашия', 'Приволжский\r'),
	(1052, 'Чегем', 'Кабардино-Балкария', 'Северо-Кавказский\r'),
	(1053, 'Чекалин', 'Тульская область', 'Центральный\r'),
	(1054, 'Челябинск', 'Челябинская область', 'Уральский\r'),
	(1055, 'Чердынь', 'Пермский край', 'Приволжский\r'),
	(1056, 'Черемхово', 'Иркутская область', 'Сибирский\r'),
	(1057, 'Черепаново', 'Новосибирская область', 'Сибирский\r'),
	(1058, 'Череповец', 'Вологодская область', 'Северо-Западный\r'),
	(1059, 'Черкесск', 'Карачаево-Черкесия', 'Северо-Кавказский\r'),
	(1060, 'Чёрмоз', 'Пермский край', 'Приволжский\r'),
	(1061, 'Черноголовка', 'Московская область', 'Центральный\r'),
	(1062, 'Черногорск', 'Хакасия', 'Сибирский\r'),
	(1063, 'Чернушка', 'Пермский край', 'Приволжский\r'),
	(1064, 'Черняховск', 'Калининградская область', 'Северо-Западный\r'),
	(1065, 'Чехов', 'Московская область', 'Центральный\r'),
	(1066, 'Чистополь', 'Татарстан', 'Приволжский\r'),
	(1067, 'Чита', 'Забайкальский край', 'Сибирский\r'),
	(1068, 'Чкаловск', 'Нижегородская область', 'Приволжский\r'),
	(1069, 'Чудово', 'Новгородская область', 'Северо-Западный\r'),
	(1070, 'Чулым', 'Новосибирская область', 'Сибирский\r'),
	(1071, 'Чусовой', 'Пермский край', 'Приволжский\r'),
	(1072, 'Чухлома', 'Костромская область', 'Центральный\r'),
	(1073, 'Шагонар', 'Тыва', 'Сибирский\r'),
	(1074, 'Шадринск', 'Курганская область', 'Уральский\r'),
	(1075, 'Шали', 'Чечня', 'Северо-Кавказский\r'),
	(1076, 'Шарыпово', 'Красноярский край', 'Сибирский\r'),
	(1077, 'Шарья', 'Костромская область', 'Центральный\r'),
	(1078, 'Шатура', 'Московская область', 'Центральный\r'),
	(1079, 'Шахтёрск', 'Сахалинская область', 'Дальневосточный\r'),
	(1080, 'Шахты', 'Ростовская область', 'Южный\r'),
	(1081, 'Шахунья', 'Нижегородская область', 'Приволжский\r'),
	(1082, 'Шацк', 'Рязанская область', 'Центральный\r'),
	(1083, 'Шебекино', 'Белгородская область', 'Центральный\r'),
	(1084, 'Шелехов', 'Иркутская область', 'Сибирский\r'),
	(1085, 'Шенкурск', 'Архангельская область', 'Северо-Западный\r'),
	(1086, 'Шилка', 'Забайкальский край', 'Сибирский\r'),
	(1087, 'Шимановск', 'Амурская область', 'Дальневосточный\r'),
	(1088, 'Шиханы', 'Саратовская область', 'Приволжский\r'),
	(1089, 'Шлиссельбург', 'Ленинградская область', 'Северо-Западный\r'),
	(1090, 'Шумерля', 'Чувашия', 'Приволжский\r'),
	(1091, 'Шумиха', 'Курганская область', 'Уральский\r'),
	(1092, 'Шуя', 'Ивановская область', 'Центральный\r'),
	(1093, 'Щёкино', 'Тульская область', 'Центральный\r'),
	(1094, 'Щёлкино', 'Крым', 'Крымский\r'),
	(1095, 'Щёлково', 'Московская область', 'Центральный\r'),
	(1096, 'Щербинка', 'Москва', 'Центральный\r'),
	(1097, 'Щигры', 'Курская область', 'Центральный\r'),
	(1098, 'Щучье', 'Курганская область', 'Уральский\r'),
	(1099, 'Электрогорск', 'Московская область', 'Центральный\r'),
	(1100, 'Электросталь', 'Московская область', 'Центральный\r'),
	(1101, 'Электроугли', 'Московская область', 'Центральный\r'),
	(1102, 'Элиста', 'Калмыкия', 'Южный\r'),
	(1103, 'Энгельс', 'Саратовская область', 'Приволжский\r'),
	(1104, 'Эртиль', 'Воронежская область', 'Центральный\r'),
	(1105, 'Югорск', 'Ханты-Мансийский авт. окр.', 'Уральский\r'),
	(1106, 'Южа', 'Ивановская область', 'Центральный\r'),
	(1107, 'Южно-Сахалинск', 'Сахалинская область', 'Дальневосточный\r'),
	(1108, 'Южно-Сухокумск', 'Дагестан', 'Северо-Кавказский\r'),
	(1109, 'Южноуральск', 'Челябинская область', 'Уральский\r'),
	(1110, 'Юрга', 'Кемеровская область', 'Сибирский\r'),
	(1111, 'Юрьев-Польский', 'Владимирская область', 'Центральный\r'),
	(1112, 'Юрьевец', 'Ивановская область', 'Центральный\r'),
	(1113, 'Юрюзань', 'Челябинская область', 'Уральский\r'),
	(1114, 'Юхнов', 'Калужская область', 'Центральный\r'),
	(1115, 'Ядрин', 'Чувашия', 'Приволжский\r'),
	(1116, 'Якутск', 'Якутия', 'Дальневосточный\r'),
	(1117, 'Ялта', 'Крым', 'Крымский\r'),
	(1118, 'Ялуторовск', 'Тюменская область', 'Уральский\r'),
	(1119, 'Янаул', 'Башкортостан', 'Приволжский\r'),
	(1120, 'Яранск', 'Кировская область', 'Приволжский\r'),
	(1121, 'Яровое', 'Алтайский край', 'Сибирский\r'),
	(1122, 'Ярославль', 'Ярославская область', 'Центральный\r'),
	(1123, 'Ярцево', 'Смоленская область', 'Центральный\r'),
	(1124, 'Ясногорск', 'Тульская область', 'Центральный\r'),
	(1125, 'Ясный', 'Оренбургская область', 'Приволжский\r'),
	(1126, 'Яхрома', 'Московская область', 'Центральный\r');
/*!40000 ALTER TABLE `citys` ENABLE KEYS */;

-- Дамп данных таблицы grid.education: 29 rows
/*!40000 ALTER TABLE `education` DISABLE KEYS */;
INSERT IGNORE INTO `education` (`id`, `code`, `description`) VALUES
	(1, '160000', 'Авиационная и ракетно-космическая техника '),
	(2, '220000', 'Автоматика и управление'),
	(3, '270000', 'Архитектура и строительство'),
	(4, '280000', 'Безопасность жизнедеятельности, природообустройство и защита окружающей среды'),
	(5, '290000', 'Военное образование'),
	(6, '250000', 'Воспроизводство и переработка лесных ресурсов'),
	(7, '120000', 'Геодезия и землеустройство'),
	(8, '130000', 'Геология, разведка и разработка полезных ископаемых'),
	(9, '030000', 'Гуманитарные науки'),
	(10, '020000', 'Естественные науки'),
	(11, '060000', 'Здравоохранение'),
	(12, '230000', 'Информатика и вычислительная техника'),
	(13, '090000', 'Информационная безопасность'),
	(14, '070000', 'Культура и искусство'),
	(15, '150000', 'Металлургия, машиностроение и материалообработка'),
	(16, '180000', 'Морская техника'),
	(17, '050000', 'Образование и педагогика'),
	(18, '170000', 'Оружие и системы вооружения'),
	(19, '200000', 'Приборостроение и оптотехника '),
	(20, '110000', 'Сельское и рыбное хозяйство'),
	(21, '040000', 'Социальные науки'),
	(22, '100000', 'Сфера обслуживания'),
	(23, '260000', 'Технология продовольственных продуктов и потребительских товаров'),
	(24, '190000', 'Транспортные средства'),
	(25, '010000', 'Физико-математические науки'),
	(26, '240000', 'Химическая и биотехнологии'),
	(27, '080000', 'Экономика и управление'),
	(28, '210000', 'Электронная техника, радиотехника и связь'),
	(29, '140000', 'Энергетика, энергетическое машиностроение и электротехника');
/*!40000 ALTER TABLE `education` ENABLE KEYS */;

-- Дамп данных таблицы grid.index: ~0 rows (приблизительно)
/*!40000 ALTER TABLE `index` DISABLE KEYS */;
INSERT IGNORE INTO `index` (`id`, `user_id`, `city_id`) VALUES
	(1, 58, 392),
	(2, 66, 533),
	(3, 77, 155),
	(4, 83, 115),
	(5, 87, 392),
	(6, 76, 927),
	(7, 97, 221),
	(8, 31, 680),
	(9, 68, 453),
	(10, 82, 1030),
	(11, 8, 208),
	(12, 13, 814),
	(13, 76, 294),
	(14, 59, 561),
	(15, 83, 959),
	(16, 4, 236),
	(17, 87, 760),
	(18, 82, 365),
	(19, 98, 1069),
	(20, 78, 915),
	(21, 75, 443),
	(22, 26, 160),
	(23, 28, 255),
	(24, 11, 319),
	(25, 16, 188),
	(26, 67, 791),
	(27, 48, 488),
	(28, 78, 417),
	(29, 84, 839),
	(30, 78, 850),
	(31, 33, 360),
	(32, 53, 929),
	(33, 54, 988),
	(34, 36, 56),
	(35, 57, 716),
	(36, 11, 448),
	(37, 1, 354),
	(38, 14, 379),
	(39, 96, 149),
	(40, 29, 942),
	(41, 1, 908),
	(42, 89, 412),
	(43, 26, 628),
	(44, 80, 1006),
	(45, 29, 116),
	(46, 35, 999),
	(47, 20, 746),
	(48, 39, 357),
	(49, 58, 1075),
	(50, 27, 732),
	(51, 53, 222),
	(52, 82, 965),
	(53, 65, 124),
	(54, 40, 457),
	(55, 2, 1027),
	(56, 84, 299),
	(57, 24, 362),
	(58, 49, 1018),
	(59, 41, 627),
	(60, 19, 327),
	(61, 11, 379),
	(62, 29, 1007),
	(63, 44, 991),
	(64, 63, 769),
	(65, 100, 1021),
	(66, 55, 142),
	(67, 87, 714),
	(68, 90, 217),
	(69, 66, 880),
	(70, 2, 395);
/*!40000 ALTER TABLE `index` ENABLE KEYS */;

-- Дамп данных таблицы grid.users: 200 rows
/*!40000 ALTER TABLE `users` DISABLE KEYS */;
INSERT IGNORE INTO `users` (`id`, `firstname`, `lastname`, `middlename`, `birthday`, `education`) VALUES
	(1, 'Евгений', 'Беляев', 'Миронович', '1973-08-28', 16),
	(2, 'Владислав', 'Сорокин', 'Георгиевич', '1970-07-21', 25),
	(3, 'Вячеслав', 'Крылов', 'Геннадьевич', '1989-04-02', 25),
	(4, 'Владислав', 'Яковлев', 'Платонович', '1973-01-28', 20),
	(5, 'Ринат', 'Анисимов', 'Яковлевич', '1975-09-09', 10),
	(6, 'Аркадий', 'Петров', 'Святославович', '1971-01-27', 16),
	(7, 'Яков', 'Голубев', 'Семенович', '1970-06-03', 23),
	(8, 'Дмитрий', 'Поляков', 'Платонович', '1975-06-02', 12),
	(9, 'Александр', 'Рябов', 'Денисович', '1967-12-26', 25),
	(10, 'Павел', 'Гусев', 'Вячеславович', '1975-09-28', 12),
	(11, 'Максим', 'Никитин', 'Романович', '1980-01-21', 8),
	(12, 'Пётр', 'Попов', 'Вячеславович', '1980-10-17', 5),
	(13, 'Константин', 'Сорокин', 'Яковлевич', '1990-12-09', 1),
	(14, 'Пётр', 'Королёв', 'Ростиславович', '1963-09-14', 1),
	(15, 'Алексей', 'Морозов', 'Вениаминович', '1988-03-07', 26),
	(16, 'Николай', 'Ковалёв', 'Богуславович', '1962-12-01', 7),
	(17, 'Фёдор', 'Калинин', 'Тимофеевич', '1976-12-14', 8),
	(18, 'Захар', 'Комаров', 'Романович', '1963-01-18', 11),
	(19, 'Роберт', 'Ершов', 'Эдуардович', '1980-12-12', 24),
	(20, 'Вячеслав', 'Зайцев', 'Петрович', '1972-07-05', 12),
	(21, 'Виктор', 'Кузнецов', 'Давидович', '1963-07-02', 14),
	(22, 'Руслан', 'Цветков', 'Денисович', '1988-10-02', 2),
	(23, 'Марат', 'Богданов', 'Александрович', '1988-09-15', 22),
	(24, 'Валерий', 'Фёдоров', 'Наумович', '1984-07-15', 28),
	(25, 'Вячеслав', 'Фёдоров', 'Давидович', '1977-11-01', 1),
	(26, 'Тимофей', 'Степанов', 'Анатольевич', '1973-11-26', 1),
	(27, 'Эдуард', 'Соколов', 'Богуславович', '1966-05-10', 23),
	(28, 'Герман', 'Морозов', 'Вениаминович', '1988-08-27', 19),
	(29, 'Арсений', 'Никитин', 'Валерьевич', '1963-07-26', 25),
	(30, 'Марат', 'Фролов', 'Феликсович', '1962-07-25', 26),
	(31, 'Станислав', 'Осипов', 'Константинович', '1978-05-05', 18),
	(32, 'Виталий', 'Королёв', 'Геннадьевич', '1988-08-25', 23),
	(33, 'Захар', 'Осипов', 'Ярославович', '1977-11-21', 10),
	(34, 'Артур', 'Виноградов', 'Ефимович', '1982-06-04', 18),
	(35, 'Ильдар', 'Иванов', 'Оскарович', '1978-07-21', 12),
	(36, 'Альберт', 'Соловьёв', 'Богданович', '1973-03-06', 4),
	(37, 'Дмитрий', 'Журавлёв', 'Ярославович', '1966-05-01', 13),
	(38, 'Геннадий', 'Калинин', 'Николаевич', '1985-01-08', 23),
	(39, 'Яков', 'Богданов', 'Станиславович', '1966-04-12', 22),
	(40, 'Борис', 'Григорьев', 'Леонидович', '1980-05-09', 29),
	(41, 'Николай', 'Кузнецов', 'Борисович', '1985-04-24', 15),
	(42, 'Кирилл', 'Никитин', 'Алексеевич', '1966-01-13', 11),
	(43, 'Николай', 'Максимов', 'Петрович', '1960-08-26', 26),
	(44, 'Рашид', 'Степанов', 'Павлович', '1967-08-04', 3),
	(45, 'Герман', 'Захаров', 'Тимофеевич', '1981-03-21', 14),
	(46, 'Денис', 'Сергеев', 'Сергеевич', '1971-09-11', 29),
	(47, 'Даниил', 'Королёв', 'Давидович', '1960-11-15', 13),
	(48, 'Арсений', 'Григорьев', 'Ильич', '1970-01-03', 23),
	(49, 'Артём', 'Анисимов', 'Александрович', '1978-05-19', 22),
	(50, 'Вячеслав', 'Семёнов', 'Геннадьевич', '1965-11-06', 17),
	(51, 'Назар', 'Журавлёв', 'Иосифович', '1983-12-02', 16),
	(52, 'Кирилл', 'Кудрявцев', 'Алексеевич', '1978-02-02', 24),
	(53, 'Артур', 'Беляев', 'Адамович', '1984-05-07', 7),
	(54, 'Эдуард', 'Фролов', 'Олегович', '1961-10-16', 21),
	(55, 'Владислав', 'Голубев', 'Вениаминович', '1967-04-21', 26),
	(56, 'Даниил', 'Осипов', 'Данилович', '1964-12-13', 14),
	(57, 'Артём', 'Иванов', 'Станиславович', '1962-05-12', 10),
	(58, 'Олег', 'Калинин', 'Давидович', '1986-03-17', 13),
	(59, 'Пётр', 'Петров', 'Геннадиевич', '1960-09-12', 18),
	(60, 'Святослав', 'Фёдоров', 'Михайлович', '1981-12-05', 16),
	(61, 'Аркадий', 'Павлов', 'Степанович', '1983-01-22', 28),
	(62, 'Вадим', 'Егоров', 'Ефимович', '1960-06-28', 9),
	(63, 'Семён', 'Тарасов', 'Святославович', '1964-09-10', 11),
	(64, 'Василий', 'Сорокин', 'Макарович', '1971-03-18', 8),
	(65, 'Тимофей', 'Комаров', 'Тимурович', '1977-06-10', 15),
	(66, 'Эрик', 'Михайлов', 'Ефимович', '1974-04-25', 8),
	(67, 'Антон', 'Попов', 'Дмитриевич', '1963-03-09', 9),
	(68, 'Ринат', 'Волков', 'Кириллович', '1985-04-22', 14),
	(69, 'Игорь', 'Алексеев', 'Ефимович', '1985-06-18', 27),
	(70, 'Ильдар', 'Семёнов', 'Данилович', '1978-12-27', 26),
	(71, 'Геннадий', 'Соловьёв', 'Валентинович', '1990-07-16', 3),
	(72, 'Сергей', 'Матвеев', 'Васильевич', '1966-03-26', 13),
	(73, 'Николай', 'Голубев', 'Данилович', '1969-01-19', 16),
	(74, 'Виктор', 'Киселёв', 'Сергеевич', '1970-04-09', 7),
	(75, 'Андрей', 'Сидоров', 'Юхимович', '1968-08-26', 27),
	(76, 'Марк', 'Орлов', 'Юрьевич', '1966-06-02', 27),
	(77, 'Ильдар', 'Алексеев', 'Артемович', '1968-11-01', 9),
	(78, 'Азат', 'Белоусов', 'Романович', '1960-08-19', 24),
	(79, 'Аркадий', 'Калинин', 'Степанович', '1990-12-19', 11),
	(80, 'Ильдар', 'Михайлов', 'Михайлович', '1990-01-16', 7),
	(81, 'Рашид', 'Федотов', 'Миронович', '1976-03-20', 18),
	(82, 'Азамат', 'Кузьмин', 'Рудольфович', '1979-08-05', 19),
	(83, 'Фёдор', 'Жуков', 'Дмитриевич', '1981-04-16', 19),
	(84, 'Назар', 'Соловьёв', 'Давидович', '1964-08-09', 3),
	(85, 'Денис', 'Гусев', 'Антонович', '1970-07-07', 12),
	(86, 'Азат', 'Голубев', 'Степанович', '1976-08-12', 8),
	(87, 'Глеб', 'Попов', 'Степанович', '1973-02-25', 12),
	(88, 'Игорь', 'Максимов', 'Юхимович', '1987-02-21', 25),
	(89, 'Виталий', 'Пономарёв', 'Ростиславович', '1975-03-19', 2),
	(90, 'Герман', 'Николаев', 'Кириллович', '1979-05-18', 22),
	(91, 'Степан', 'Лебедев', 'Святославович', '1982-05-12', 24),
	(92, 'Артём', 'Жуков', 'Семенович', '1986-02-22', 8),
	(93, 'Иван', 'Яковлев', 'Романович', '1968-10-15', 14),
	(94, 'Руслан', 'Титов', 'Сергеевич', '1971-03-13', 16),
	(95, 'Владимир', 'Герасимов', 'Игоревич', '1977-06-13', 14),
	(96, 'Азат', 'Сидоров', 'Николаевич', '1965-08-23', 19),
	(97, 'Никита', 'Медведев', 'Андреевич', '1973-06-23', 2),
	(98, 'Леонид', 'Соболев', 'Геннадиевич', '1978-11-01', 22),
	(99, 'Альберт', 'Калинин', 'Иосифович', '1976-03-21', 18),
	(100, 'Владислав', 'Алексеев', 'Петрович', '1977-03-20', 21),
	(101, 'Максим', 'Максимов', 'Робертович', '1961-02-01', 12),
	(102, 'Борис', 'Анисимов', 'Кириллович', '1960-03-05', 22),
	(103, 'Владимир', 'Андреев', 'Антонович', '1990-04-19', 24),
	(104, 'Роберт', 'Белоусов', 'Давидович', '1982-02-07', 7),
	(105, 'Сергей', 'Поляков', 'Артемович', '1981-07-20', 19),
	(106, 'Михаил', 'Дмитриев', 'Миронович', '1978-04-13', 12),
	(107, 'Борис', 'Борисов', 'Юхимович', '1986-02-25', 1),
	(108, 'Яков', 'Лазарев', 'Эмануилович', '1978-06-14', 4),
	(109, 'Антон', 'Богданов', 'Тимофеевич', '1970-07-02', 12),
	(110, 'Тарас', 'Гусев', 'Харитонович', '1973-07-19', 13),
	(111, 'Назар', 'Журавлёв', 'Русланович', '1981-03-12', 19),
	(112, 'Глеб', 'Федотов', 'Рудольфович', '1985-05-26', 17),
	(113, 'Василий', 'Алексеев', 'Яковлевич', '1970-05-21', 9),
	(114, 'Степан', 'Павлов', 'Рудольфович', '1978-05-05', 15),
	(115, 'Артём', 'Федотов', 'Викторович', '1981-07-20', 28),
	(116, 'Давид', 'Морозов', 'Натанович', '1966-03-16', 28),
	(117, 'Иван', 'Зайцев', 'Аркадьевич', '1978-10-27', 10),
	(118, 'Филипп', 'Куликов', 'Николаевич', '1980-09-19', 22),
	(119, 'Павел', 'Тарасов', 'Святославович', '1973-09-18', 21),
	(120, 'Григорий', 'Орлов', 'Эльдарович', '1960-06-26', 4),
	(121, 'Назар', 'Ильин', 'Алексеевич', '1976-01-10', 2),
	(122, 'Ярослав', 'Соловьёв', 'Сергеевич', '1977-10-15', 25),
	(123, 'Тарас', 'Дорофеев', 'Аркадьевич', '1965-08-17', 7),
	(124, 'Святослав', 'Морозов', 'Ростиславович', '1961-04-01', 17),
	(125, 'Эдуард', 'Осипов', 'Матвеевич', '1961-12-01', 13),
	(126, 'Игорь', 'Гусев', 'Тимурович', '1988-09-12', 29),
	(127, 'Павел', 'Соловьёв', 'Ефимович', '1974-12-15', 9),
	(128, 'Эдуард', 'Кудрявцев', 'Викторович', '1978-07-13', 5),
	(129, 'Владислав', 'Соболев', 'Матвеевич', '1977-10-20', 3),
	(130, 'Георгий', 'Морозов', 'Ярославович', '1981-11-20', 22),
	(131, 'Олег', 'Белоусов', 'Михайлович', '1976-08-24', 5),
	(132, 'Иван', 'Егоров', 'Максович', '1972-02-05', 9),
	(133, 'Степан', 'Борисов', 'Олегович', '1990-05-14', 29),
	(134, 'Эдуард', 'Кудрявцев', 'Федорович', '1975-01-05', 11),
	(135, 'Семён', 'Романов', 'Феликсович', '1960-04-12', 18),
	(136, 'Игорь', 'Степанов', 'Харитонович', '1983-11-22', 26),
	(137, 'Давид', 'Лазарев', 'Русланович', '1981-11-02', 20),
	(138, 'Борис', 'Тарасов', 'Николаевич', '1968-09-02', 13),
	(139, 'Руслан', 'Лебедев', 'Артемович', '1962-11-19', 27),
	(140, 'Павел', 'Жуков', 'Григорьевич', '1975-10-08', 10),
	(141, 'Виктор', 'Захаров', 'Леонидович', '1979-04-17', 6),
	(142, 'Иван', 'Белоусов', 'Филиппович', '1979-10-04', 4),
	(143, 'Егор', 'Николаев', 'Леонидович', '1970-12-15', 26),
	(144, 'Борис', 'Цветков', 'Богуславович', '1985-09-05', 17),
	(145, 'Владислав', 'Степанов', 'Федорович', '1964-08-20', 3),
	(146, 'Роберт', 'Анисимов', 'Феликсович', '1976-08-21', 4),
	(147, 'Денис', 'Соболев', 'Тимурович', '1960-06-10', 24),
	(148, 'Николай', 'Бобров', 'Григорьевич', '1977-08-15', 29),
	(149, 'Михаил', 'Морозов', 'Иванович', '1966-11-17', 11),
	(150, 'Герман', 'Дорофеев', 'Валентинович', '1976-03-18', 16),
	(151, 'Ринат', 'Зайцев', 'Константинович', '1981-02-02', 13),
	(152, 'Владислав', 'Ильин', 'Вениаминович', '1960-05-25', 14),
	(153, 'Аркадий', 'Степанов', 'Вадимович', '1966-04-25', 16),
	(154, 'Вадим', 'Гусев', 'Анатольевич', '1981-11-02', 3),
	(155, 'Филипп', 'Козлов', 'Антонович', '1978-10-03', 2),
	(156, 'Олег', 'Медведев', 'Святославович', '1987-11-06', 14),
	(157, 'Анатолий', 'Ковалёв', 'Оскарович', '1960-07-21', 20),
	(158, 'Станислав', 'Николаев', 'Анатольевич', '1976-08-24', 25),
	(159, 'Эмиль', 'Максимов', 'Алексеевич', '1969-02-09', 14),
	(160, 'Азамат', 'Цветков', 'Евгеньевич', '1976-01-04', 25),
	(161, 'Вадим', 'Дорофеев', 'Феликсович', '1962-01-24', 9),
	(162, 'Эдуард', 'Сидоров', 'Дмитриевич', '1961-10-07', 17),
	(163, 'Дмитрий', 'Ковалёв', 'Альбертович', '1961-01-05', 28),
	(164, 'Эмиль', 'Семёнов', 'Эмануилович', '1982-10-17', 1),
	(165, 'Филипп', 'Соболев', 'Ильич', '1969-06-09', 13),
	(166, 'Андрей', 'Крылов', 'Оскарович', '1985-04-02', 10),
	(167, 'Глеб', 'Петров', 'Максович', '1974-02-16', 8),
	(168, 'Назар', 'Кузнецов', 'Федорович', '1981-12-05', 27),
	(169, 'Сергей', 'Бобров', 'Геннадьевич', '1961-02-23', 18),
	(170, 'Аркадий', 'Степанов', 'Алексеевич', '1986-06-15', 24),
	(171, 'Василий', 'Егоров', 'Альбертович', '1981-06-24', 20),
	(172, 'Роберт', 'Жуков', 'Алексеевич', '1968-07-25', 27),
	(173, 'Глеб', 'Тарасов', 'Александрович', '1968-10-15', 26),
	(174, 'Захар', 'Голубев', 'Геннадиевич', '1980-05-14', 6),
	(175, 'Арсений', 'Голубев', 'Альбертович', '1971-07-28', 1),
	(176, 'Дмитрий', 'Баранов', 'Эльдарович', '1982-05-08', 28),
	(177, 'Богдан', 'Федотов', 'Олегович', '1971-11-02', 22),
	(178, 'Азат', 'Ершов', 'Ильич', '1969-04-06', 4),
	(179, 'Максим', 'Дорофеев', 'Денисович', '1981-04-10', 16),
	(180, 'Григорий', 'Лазарев', 'Иванович', '1985-07-11', 12),
	(181, 'Назар', 'Ильин', 'Павлович', '1966-12-17', 7),
	(182, 'Борис', 'Голубев', 'Васильевич', '1969-02-12', 21),
	(183, 'Никита', 'Ильин', 'Аркадьевич', '1969-06-25', 1),
	(184, 'Марк', 'Киселёв', 'Тимурович', '1986-08-20', 6),
	(185, 'Ильдар', 'Анисимов', 'Богуславович', '1967-06-23', 27),
	(186, 'Тимофей', 'Захаров', 'Платонович', '1982-05-14', 20),
	(187, 'Святослав', 'Королёв', 'Аркадьевич', '1971-11-27', 23),
	(188, 'Эрик', 'Новиков', 'Валентинович', '1979-11-08', 22),
	(189, 'Альберт', 'Тарасов', 'Наумович', '1971-01-24', 23),
	(190, 'Иван', 'Козлов', 'Наумович', '1960-11-04', 4),
	(191, 'Анатолий', 'Матвеев', 'Николаевич', '1976-02-14', 16),
	(192, 'Денис', 'Егоров', 'Тимурович', '1971-11-19', 27),
	(193, 'Анатолий', 'Куликов', 'Артемович', '1990-02-11', 12),
	(194, 'Эльдар', 'Баранов', 'Артемович', '1968-01-18', 22),
	(195, 'Азат', 'Михайлов', 'Макарович', '1989-04-25', 18),
	(196, 'Рустам', 'Орлов', 'Рудольфович', '1987-11-25', 5),
	(197, 'Семён', 'Голубев', 'Альбертович', '1990-05-14', 22),
	(198, 'Михаил', 'Лебедев', 'Степанович', '1961-11-23', 20),
	(199, 'Павел', 'Соколов', 'Анатольевич', '1968-11-02', 23),
	(200, 'Арсений', 'Ильин', 'Владимирович', '1975-05-13', 10);
/*!40000 ALTER TABLE `users` ENABLE KEYS */;
/*!40101 SET SQL_MODE=IFNULL(@OLD_SQL_MODE, '') */;
/*!40014 SET FOREIGN_KEY_CHECKS=IF(@OLD_FOREIGN_KEY_CHECKS IS NULL, 1, @OLD_FOREIGN_KEY_CHECKS) */;
/*!40101 SET CHARACTER_SET_CLIENT=@OLD_CHARACTER_SET_CLIENT */;
